Time,CoreZone,Zone1,Zone1A,Zone2,Zone2A,Zone2B,Zone3,Zone4,Zone4A
Sun Nov 17 10:00:24 2019,111,111,111,111,111,111,111,111,111
Sun Nov 17 10:30:50 2019,111,111,111,111,111,111,111,111,111
Sun Nov 17 20:06:37 2019,111,111,111,111,111,111,111,111,111
Sun Nov 17 20:20:04 2019,111,111,111,111,111,111,111,111,111
Sun Nov 17 20:30:05 2019,111,111,111,111,111,111,111,111,111
Sun Nov 17 20:40:04 2019,111,111,111,111,111,111,111,111,111
Sun Nov 17 20:50:04 2019,111,111,111,111,111,111,111,111,111
Sun Nov 17 21:00:04 2019,111,111,111,111,111,111,111,111,111
Sun Nov 17 21:10:05 2019,111,111,111,111,111,111,111,111,111
Sun Nov 17 21:20:05 2019,111,111,111,111,111,111,111,111,111
Sun Nov 17 21:30:05 2019,111,111,111,111,111,111,111,111,111
Sun Nov 17 21:40:05 2019,111,111,111,111,111,111,111,111,111
Sun Nov 17 21:50:05 2019,111,111,111,111,111,111,111,111,111
Sun Nov 17 22:00:04 2019,111,111,111,111,111,111,111,111,111
Sun Nov 17 22:10:05 2019,111,111,111,111,111,111,111,111,111
Sun Nov 17 22:20:05 2019,111,111,111,111,111,111,111,111,111
Sun Nov 17 22:30:05 2019,111,111,111,111,111,111,111,111,111
Sun Nov 17 22:40:29 2019,111,111,111,111,111,111,111,111,111
Sun Nov 17 22:50:04 2019,111,111,111,111,111,111,111,111,111
Sun Nov 17 23:00:05 2019,111,111,111,111,111,010,111,111,111
Sun Nov 17 23:10:04 2019,111,111,111,111,111,111,111,111,111
Sun Nov 17 23:20:04 2019,111,111,111,111,111,111,111,111,111
Sun Nov 17 23:30:05 2019,111,111,111,111,111,111,111,111,111
Sun Nov 17 23:40:04 2019,111,111,111,111,111,111,111,111,111
Sun Nov 17 23:50:05 2019,111,111,111,111,111,111,111,111,111
Mon Nov 18 00:00:06 2019,111,111,111,111,111,011,111,111,111
Mon Nov 18 00:10:05 2019,111,111,111,111,111,111,111,111,111
Mon Nov 18 00:20:05 2019,111,111,111,111,111,111,111,111,111
Mon Nov 18 00:30:04 2019,111,111,111,111,111,111,111,111,111
Mon Nov 18 00:40:04 2019,111,111,111,111,111,010,111,111,111
Mon Nov 18 00:50:04 2019,111,111,111,111,111,111,111,111,111
Mon Nov 18 01:00:04 2019,111,111,111,111,111,111,111,111,111
Mon Nov 18 01:10:04 2019,111,111,111,111,111,111,111,111,111
Mon Nov 18 01:20:04 2019,111,111,111,111,111,111,111,111,111
Mon Nov 18 01:30:04 2019,111,111,111,111,111,111,111,111,111
Mon Nov 18 01:40:04 2019,111,111,111,111,111,111,111,111,111
Mon Nov 18 01:50:04 2019,111,111,111,111,111,111,111,111,111
Mon Nov 18 02:00:05 2019,111,111,111,111,111,111,111,111,111
Mon Nov 18 02:10:05 2019,111,111,111,111,111,111,111,111,111
Mon Nov 18 02:20:05 2019,111,111,111,111,111,111,111,111,111
Mon Nov 18 02:30:04 2019,111,111,111,111,111,111,111,111,111
Mon Nov 18 02:40:04 2019,111,111,111,111,111,111,111,111,111
Mon Nov 18 02:50:04 2019,111,111,111,111,111,111,111,111,111
Mon Nov 18 03:00:05 2019,111,111,111,111,111,111,111,111,111
Mon Nov 18 03:10:05 2019,111,111,111,111,111,111,111,111,111
Mon Nov 18 03:20:05 2019,111,111,111,111,111,111,111,111,111
Mon Nov 18 03:30:05 2019,111,111,111,111,111,111,111,111,111
Mon Nov 18 03:40:04 2019,111,111,111,111,111,111,111,111,111
Mon Nov 18 03:50:04 2019,111,111,111,111,111,111,111,111,111
Mon Nov 18 04:00:04 2019,111,111,111,111,111,111,111,111,111
Mon Nov 18 04:10:05 2019,111,111,111,111,111,111,111,111,111
Mon Nov 18 04:20:05 2019,111,111,111,111,111,111,111,111,111
Mon Nov 18 04:30:05 2019,111,111,111,111,111,111,111,111,111
Mon Nov 18 04:40:05 2019,111,111,111,111,111,111,111,111,111
Mon Nov 18 04:50:04 2019,111,111,111,111,111,111,111,111,111
Mon Nov 18 05:00:04 2019,111,111,111,111,111,111,111,111,111
Mon Nov 18 05:10:04 2019,111,111,111,111,111,111,111,111,111
Mon Nov 18 05:20:04 2019,111,111,111,111,111,111,111,111,111
Mon Nov 18 05:30:04 2019,111,111,111,111,111,111,111,111,111
Mon Nov 18 05:40:04 2019,111,111,111,111,111,111,111,111,111
Mon Nov 18 05:50:04 2019,111,111,111,111,111,111,111,111,111
Mon Nov 18 06:00:04 2019,111,111,111,111,111,111,111,111,111
Mon Nov 18 06:10:04 2019,111,111,111,111,111,111,111,111,111
Mon Nov 18 06:20:04 2019,111,111,111,111,111,111,111,111,111
Mon Nov 18 06:30:04 2019,111,111,111,111,111,111,111,111,111
Mon Nov 18 06:40:05 2019,111,111,111,111,111,111,111,111,111
Mon Nov 18 06:50:05 2019,111,111,111,111,111,111,111,111,111
Mon Nov 18 07:00:05 2019,111,111,111,111,111,111,111,111,111
Mon Nov 18 07:10:04 2019,111,111,111,111,111,111,111,111,111
Mon Nov 18 07:20:05 2019,111,111,111,111,111,111,111,111,111
Mon Nov 18 07:30:04 2019,111,111,111,111,111,111,111,111,111
Mon Nov 18 07:40:04 2019,111,111,111,111,111,111,111,111,111
Mon Nov 18 07:50:05 2019,111,111,111,111,111,111,111,111,111
Mon Nov 18 08:00:05 2019,111,111,111,111,111,111,111,111,111
Mon Nov 18 08:10:04 2019,111,111,111,111,111,111,111,111,111
Mon Nov 18 08:20:04 2019,111,111,111,111,111,111,111,111,111
Mon Nov 18 08:30:04 2019,111,111,111,111,111,111,111,111,111
Mon Nov 18 08:40:04 2019,111,111,111,111,111,111,111,111,111
Mon Nov 18 08:50:05 2019,111,111,111,111,111,111,111,111,111
Mon Nov 18 09:00:04 2019,111,111,111,111,111,111,111,111,111
Mon Nov 18 09:10:04 2019,111,111,111,111,111,111,111,111,111
Mon Nov 18 09:20:04 2019,111,111,111,111,111,111,111,111,111
Mon Nov 18 09:30:05 2019,111,111,111,111,111,111,111,111,111
Mon Nov 18 09:40:05 2019,111,111,111,111,111,111,111,111,111
Mon Nov 18 09:50:04 2019,111,111,111,111,111,111,111,111,111
Mon Nov 18 10:00:04 2019,111,111,111,111,111,111,111,111,111
Mon Nov 18 10:10:04 2019,111,111,111,111,111,111,111,111,111
Mon Nov 18 10:20:04 2019,111,111,111,111,111,111,111,111,111
Mon Nov 18 10:30:07 2019,111,111,111,111,111,111,111,111,111
Mon Nov 18 10:40:04 2019,111,111,111,111,111,111,111,111,111
Mon Nov 18 10:50:04 2019,111,111,111,111,111,111,111,111,111
Mon Nov 18 11:00:04 2019,111,111,111,111,111,111,111,111,111
Mon Nov 18 11:10:04 2019,111,111,111,111,111,111,111,111,111
Mon Nov 18 11:20:04 2019,111,111,111,111,111,111,111,111,111
Mon Nov 18 11:30:04 2019,111,111,111,111,111,111,111,111,111
Mon Nov 18 11:40:04 2019,111,111,111,111,111,111,111,111,111
Mon Nov 18 11:50:04 2019,111,111,111,111,111,111,111,111,111
Mon Nov 18 12:00:04 2019,111,111,111,111,111,111,111,111,111
Mon Nov 18 12:10:04 2019,111,111,111,111,111,111,111,111,111
Mon Nov 18 12:20:05 2019,111,111,111,111,111,111,111,111,111
Mon Nov 18 12:30:04 2019,111,111,111,111,111,111,111,111,111
Mon Nov 18 12:40:05 2019,111,111,111,111,111,111,111,111,111
Mon Nov 18 12:50:05 2019,111,111,111,111,111,111,111,111,111
Mon Nov 18 13:00:04 2019,111,111,111,111,111,111,111,111,111
Mon Nov 18 13:10:04 2019,111,111,111,111,111,011,111,111,111
Mon Nov 18 13:20:04 2019,111,111,111,111,111,111,111,111,111
Mon Nov 18 13:30:04 2019,111,111,111,111,111,111,111,111,111
Mon Nov 18 13:40:04 2019,111,111,111,111,111,111,111,111,111
Mon Nov 18 13:50:04 2019,111,111,111,111,111,111,111,111,111
Mon Nov 18 14:00:04 2019,111,111,111,111,111,111,111,111,111
Mon Nov 18 14:10:04 2019,111,111,111,111,111,111,111,111,111
Mon Nov 18 14:20:04 2019,111,111,111,111,111,111,111,111,111
Mon Nov 18 14:30:05 2019,111,111,111,111,111,111,111,111,111
Mon Nov 18 14:40:05 2019,111,111,111,111,111,111,111,111,111
Mon Nov 18 14:50:05 2019,111,111,111,111,111,011,111,111,111
Mon Nov 18 15:00:04 2019,111,111,111,111,111,111,111,111,111
Mon Nov 18 15:10:04 2019,111,111,111,111,111,111,111,111,111
Mon Nov 18 15:20:04 2019,111,111,111,111,111,111,111,111,111
Mon Nov 18 15:30:04 2019,111,111,111,111,111,111,111,111,111
Mon Nov 18 15:40:04 2019,111,111,111,111,111,111,111,111,111
Mon Nov 18 15:50:05 2019,111,111,111,111,111,111,111,111,111
Mon Nov 18 16:00:04 2019,111,111,111,111,111,111,111,111,111
Mon Nov 18 16:10:04 2019,111,111,111,111,111,111,111,111,111
Mon Nov 18 16:20:04 2019,111,111,111,111,111,111,111,111,111
Mon Nov 18 16:30:05 2019,111,111,111,111,111,111,111,111,111
Mon Nov 18 16:40:05 2019,111,111,111,111,111,111,111,111,111
Mon Nov 18 16:50:04 2019,111,111,111,111,111,111,111,111,111
Mon Nov 18 17:00:04 2019,111,111,111,111,111,111,111,111,111
Mon Nov 18 17:10:05 2019,111,111,111,111,111,111,111,111,111
Mon Nov 18 17:20:05 2019,111,111,111,111,111,111,111,111,111
Mon Nov 18 17:30:05 2019,111,111,111,111,111,111,111,111,111
Mon Nov 18 17:40:05 2019,111,111,111,111,111,111,111,111,111
Mon Nov 18 17:50:04 2019,111,111,111,111,111,111,111,111,111
Mon Nov 18 18:00:04 2019,111,111,111,111,111,111,111,111,111
Mon Nov 18 18:10:04 2019,111,111,111,111,111,111,111,111,111
Mon Nov 18 18:20:04 2019,111,111,111,111,111,111,111,111,111
Mon Nov 18 18:30:04 2019,111,111,111,111,111,111,111,111,111
Mon Nov 18 18:40:05 2019,111,111,111,111,111,111,111,111,111
Mon Nov 18 18:50:05 2019,111,111,111,111,111,111,111,111,111
Mon Nov 18 19:00:05 2019,111,111,111,111,111,111,111,111,111
Mon Nov 18 19:10:04 2019,111,111,111,111,111,111,111,111,111
Mon Nov 18 19:20:05 2019,111,111,111,111,111,111,111,111,111
Mon Nov 18 19:30:04 2019,111,111,111,111,111,111,111,111,111
Mon Nov 18 19:40:04 2019,111,111,111,111,111,111,111,111,111
Mon Nov 18 19:50:04 2019,111,111,111,111,111,111,111,111,111
Mon Nov 18 20:00:05 2019,111,111,111,111,111,111,111,111,111
Mon Nov 18 20:10:04 2019,111,111,111,111,111,111,111,111,111
Mon Nov 18 20:20:04 2019,111,111,111,111,111,111,111,111,111
Mon Nov 18 20:30:05 2019,111,111,111,111,111,111,111,111,111
Mon Nov 18 20:40:05 2019,111,111,111,111,111,111,111,111,111
Mon Nov 18 20:50:05 2019,111,111,111,111,111,111,111,111,111
Mon Nov 18 21:00:04 2019,111,111,111,111,111,111,111,111,111
Mon Nov 18 21:10:04 2019,111,111,111,111,111,111,111,111,111
Mon Nov 18 21:20:04 2019,111,111,111,111,111,111,111,111,111
Mon Nov 18 21:30:04 2019,111,111,111,111,111,111,111,111,111
Mon Nov 18 21:40:05 2019,111,111,111,111,111,111,111,111,111
Mon Nov 18 21:50:05 2019,111,111,111,111,111,111,111,111,111
Mon Nov 18 22:00:05 2019,111,111,111,111,111,111,111,111,111
Mon Nov 18 22:10:04 2019,111,111,111,111,111,111,111,111,111
Mon Nov 18 22:20:04 2019,111,111,111,111,111,111,111,111,111
Mon Nov 18 22:30:04 2019,111,111,111,111,111,111,111,111,111
Mon Nov 18 22:40:05 2019,111,111,111,111,111,111,111,111,111
Mon Nov 18 22:50:05 2019,111,111,111,111,111,111,111,111,111
Mon Nov 18 23:00:04 2019,111,111,111,111,111,111,111,111,111
Mon Nov 18 23:10:05 2019,111,111,111,111,111,111,111,111,111
Mon Nov 18 23:20:07 2019,111,111,111,111,111,111,111,111,111
Mon Nov 18 23:30:05 2019,111,111,111,111,111,111,111,111,111
Mon Nov 18 23:40:04 2019,111,111,111,111,111,111,111,111,111
Mon Nov 18 23:50:05 2019,111,111,111,111,111,111,111,111,111
Tue Nov 19 00:00:05 2019,111,111,111,111,111,111,111,111,111
Tue Nov 19 00:10:09 2019,111,111,111,111,111,111,111,111,111
Tue Nov 19 00:20:06 2019,111,111,111,111,111,111,111,111,111
Tue Nov 19 00:30:05 2019,111,111,111,111,111,111,111,111,111
Tue Nov 19 00:40:05 2019,111,111,111,111,111,111,111,111,111
Tue Nov 19 00:50:06 2019,111,111,111,111,111,111,111,111,111
Tue Nov 19 01:00:05 2019,111,111,111,111,111,111,111,111,111
Tue Nov 19 01:10:05 2019,111,111,111,111,111,111,111,111,111
Tue Nov 19 01:20:04 2019,111,111,111,111,111,111,111,111,111
Tue Nov 19 01:30:04 2019,111,111,111,111,111,111,111,111,111
Tue Nov 19 01:40:04 2019,111,111,111,111,111,111,111,111,111
Tue Nov 19 01:50:04 2019,111,111,111,111,111,111,111,111,111
Tue Nov 19 02:00:05 2019,111,110,111,111,111,111,111,111,111
Tue Nov 19 02:10:04 2019,111,010,111,111,111,111,111,111,111
Tue Nov 19 02:20:04 2019,111,010,111,111,111,111,111,111,111
Tue Nov 19 02:30:05 2019,111,010,111,111,111,111,111,111,111
Tue Nov 19 02:40:04 2019,111,010,111,111,111,111,111,111,111
Tue Nov 19 02:50:04 2019,111,011,111,111,111,111,111,111,111
Tue Nov 19 03:00:04 2019,111,111,111,111,111,111,111,111,111
Tue Nov 19 03:10:04 2019,111,111,111,111,111,111,111,111,111
Tue Nov 19 03:20:04 2019,111,111,111,111,111,111,111,111,111
Tue Nov 19 03:30:05 2019,111,111,111,111,111,111,111,111,111
Tue Nov 19 03:40:05 2019,111,111,111,111,111,111,111,111,111
Tue Nov 19 03:50:04 2019,111,111,111,111,111,111,111,111,111
Tue Nov 19 04:00:04 2019,111,111,111,111,111,111,111,111,111
Tue Nov 19 04:10:05 2019,111,111,111,111,111,111,111,111,111
Tue Nov 19 04:20:05 2019,111,111,111,111,111,111,111,111,111
Tue Nov 19 04:30:04 2019,111,111,111,111,111,111,111,111,111
Tue Nov 19 04:40:04 2019,111,111,111,111,111,111,111,111,111
Tue Nov 19 04:50:04 2019,111,111,111,111,111,111,111,111,111
Tue Nov 19 05:00:05 2019,111,111,111,111,111,111,111,111,111
Tue Nov 19 05:10:04 2019,111,111,111,111,111,111,111,111,111
Tue Nov 19 05:20:04 2019,111,111,111,111,111,111,111,111,111
Tue Nov 19 05:30:04 2019,111,111,111,111,111,111,111,111,111
Tue Nov 19 05:40:04 2019,111,111,111,111,111,111,111,111,111
Tue Nov 19 05:50:04 2019,111,111,111,111,111,111,111,111,111
Tue Nov 19 06:00:05 2019,111,111,111,111,111,011,111,111,111
Tue Nov 19 06:10:04 2019,111,111,111,111,111,111,111,111,111
Tue Nov 19 06:20:05 2019,111,111,111,111,111,111,111,111,111
Tue Nov 19 06:30:05 2019,111,111,111,111,111,111,111,111,111
Tue Nov 19 06:40:04 2019,111,111,111,111,111,111,111,111,111
Tue Nov 19 06:50:05 2019,111,111,111,111,111,111,111,111,111
Tue Nov 19 07:00:05 2019,111,111,111,111,111,111,111,111,111
Tue Nov 19 07:10:05 2019,111,111,111,111,111,111,111,111,111
Tue Nov 19 07:20:04 2019,111,111,111,111,111,111,111,111,111
Tue Nov 19 07:30:05 2019,111,111,111,111,111,111,111,111,111
Tue Nov 19 07:40:05 2019,111,111,111,111,111,010,111,111,111
Tue Nov 19 07:50:05 2019,111,111,111,111,111,111,111,111,111
Tue Nov 19 08:00:05 2019,111,111,111,111,111,111,111,111,111
Tue Nov 19 08:10:04 2019,111,111,111,111,111,111,111,111,111
Tue Nov 19 08:20:04 2019,111,111,111,111,111,111,111,111,111
Tue Nov 19 08:30:04 2019,111,111,111,111,111,111,111,111,111
Tue Nov 19 08:40:04 2019,111,111,111,111,111,111,111,111,111
Tue Nov 19 08:50:05 2019,111,111,111,111,111,111,111,111,111
Tue Nov 19 09:00:04 2019,111,111,111,111,111,111,111,111,111
Tue Nov 19 09:10:04 2019,111,111,111,111,111,111,111,111,111
Tue Nov 19 09:20:04 2019,111,111,111,111,111,111,111,111,111
Tue Nov 19 09:30:04 2019,111,111,111,111,111,111,111,111,111
Tue Nov 19 09:40:04 2019,111,111,111,111,111,111,111,111,111
Tue Nov 19 09:50:04 2019,111,111,111,111,111,111,111,111,111
Tue Nov 19 10:00:04 2019,111,111,111,111,111,111,111,111,111
Tue Nov 19 10:10:05 2019,111,111,111,111,111,111,111,111,111
Tue Nov 19 10:20:04 2019,111,111,111,111,111,111,111,111,111
Tue Nov 19 10:30:05 2019,111,111,111,111,111,111,111,111,111
Tue Nov 19 10:40:04 2019,111,111,111,111,111,111,111,111,111
Tue Nov 19 10:50:04 2019,111,111,111,111,111,111,111,111,111
Tue Nov 19 11:00:04 2019,111,111,111,111,111,111,111,111,111
Tue Nov 19 11:10:04 2019,111,111,111,111,111,111,111,111,111
Tue Nov 19 11:20:04 2019,111,111,111,111,111,111,111,111,111
Tue Nov 19 11:30:04 2019,111,111,111,111,111,111,111,111,111
Tue Nov 19 11:40:05 2019,111,111,111,111,111,111,111,111,111
Tue Nov 19 11:50:05 2019,111,111,111,111,111,111,111,111,111
Tue Nov 19 12:00:05 2019,111,111,111,111,111,111,111,111,111
Tue Nov 19 12:10:04 2019,111,111,111,111,111,111,111,111,111
Tue Nov 19 12:20:04 2019,111,111,111,111,111,111,111,111,111
Tue Nov 19 12:30:04 2019,111,111,111,111,111,111,111,111,111
Tue Nov 19 12:40:04 2019,111,111,111,111,111,111,111,111,111
Tue Nov 19 12:50:04 2019,111,111,111,111,111,111,111,111,111
Tue Nov 19 13:00:04 2019,111,111,111,111,111,111,111,111,111
Tue Nov 19 13:10:04 2019,111,111,111,111,111,111,111,111,111
Tue Nov 19 13:20:04 2019,111,111,111,111,111,111,111,111,111
Tue Nov 19 13:30:04 2019,111,111,111,111,111,111,111,111,111
Tue Nov 19 13:40:04 2019,111,111,111,111,111,111,111,111,111
Tue Nov 19 13:50:05 2019,111,111,111,111,111,111,111,111,111
Tue Nov 19 14:00:04 2019,111,111,111,111,111,111,111,111,111
Tue Nov 19 14:10:05 2019,111,111,111,111,111,111,111,111,111
Tue Nov 19 14:20:04 2019,111,111,111,111,111,111,111,111,111
Tue Nov 19 14:30:04 2019,111,111,111,111,111,111,111,111,111
Tue Nov 19 14:40:04 2019,111,111,111,111,111,111,111,111,111
Tue Nov 19 14:50:04 2019,111,111,111,111,111,111,111,111,111
Tue Nov 19 15:00:04 2019,111,111,111,111,111,111,111,111,111
Tue Nov 19 15:10:04 2019,111,111,111,111,111,111,111,111,111
Tue Nov 19 15:20:04 2019,111,111,111,111,111,111,111,111,111
Tue Nov 19 15:30:04 2019,111,111,111,111,111,111,111,111,111
Tue Nov 19 15:40:04 2019,111,111,111,111,111,111,111,111,111
Tue Nov 19 15:50:04 2019,111,111,111,111,111,111,111,111,111
Tue Nov 19 16:00:04 2019,111,111,111,111,111,111,111,111,111
Tue Nov 19 16:10:05 2019,111,111,111,111,111,111,111,111,111
Tue Nov 19 16:20:05 2019,111,111,111,111,111,111,111,111,111
Tue Nov 19 16:30:05 2019,111,111,111,111,111,111,111,111,111
Tue Nov 19 16:40:06 2019,111,111,111,111,111,111,111,111,111
Tue Nov 19 16:50:04 2019,111,111,111,111,111,010,111,111,111
Tue Nov 19 17:00:04 2019,111,111,111,111,111,111,111,111,111
Tue Nov 19 17:10:05 2019,111,111,111,111,111,111,111,111,111
Tue Nov 19 17:20:05 2019,111,111,111,111,111,111,111,111,111
Tue Nov 19 17:30:04 2019,111,111,111,111,111,111,111,111,111
Tue Nov 19 17:40:04 2019,111,111,111,111,111,111,111,111,111
Tue Nov 19 17:50:05 2019,111,111,111,111,111,111,111,111,111
Tue Nov 19 19:00:05 2019,111,111,111,111,111,111,111,111,111
Tue Nov 19 19:10:04 2019,110,010,010,010,010,010,010,010,010
Tue Nov 19 19:20:05 2019,011,011,011,011,011,011,011,011,011
Tue Nov 19 19:30:05 2019,011,011,011,011,011,111,011,011,011
Tue Nov 19 19:40:05 2019,011,011,011,111,111,111,011,011,011
Tue Nov 19 19:50:04 2019,011,011,011,111,111,111,111,011,011
Tue Nov 19 20:00:04 2019,111,111,111,111,111,111,111,111,111
Tue Nov 19 20:10:05 2019,111,111,111,111,111,111,111,111,111
Tue Nov 19 20:20:04 2019,111,111,111,111,111,111,111,111,111
Tue Nov 19 20:30:05 2019,111,111,111,111,111,111,111,111,111
Tue Nov 19 20:40:05 2019,111,111,111,111,111,111,111,111,111
Tue Nov 19 20:50:05 2019,111,111,111,111,111,111,111,111,111
Tue Nov 19 21:00:05 2019,111,111,111,111,111,111,111,111,111
Tue Nov 19 21:10:05 2019,111,111,111,111,111,111,111,111,111
Tue Nov 19 21:20:05 2019,111,111,111,111,111,111,111,111,111
Tue Nov 19 21:30:05 2019,111,111,111,111,111,111,111,111,111
Tue Nov 19 21:40:05 2019,111,111,111,111,111,111,111,111,111
Tue Nov 19 21:50:04 2019,111,111,111,111,111,111,111,111,111
Tue Nov 19 22:00:04 2019,111,111,111,111,111,111,111,111,111
Tue Nov 19 22:10:04 2019,111,111,111,111,111,111,111,111,111
Tue Nov 19 22:20:05 2019,111,111,111,111,111,111,111,111,111
Tue Nov 19 22:30:04 2019,111,111,111,111,111,111,111,111,111
Tue Nov 19 22:40:04 2019,111,111,111,111,111,111,111,111,111
Tue Nov 19 22:50:06 2019,111,111,111,111,111,111,111,111,111
Tue Nov 19 23:00:06 2019,111,111,111,111,111,111,111,111,111
Tue Nov 19 23:10:05 2019,111,111,111,111,111,111,111,111,111
Tue Nov 19 23:20:04 2019,111,111,111,111,111,111,111,111,111
Tue Nov 19 23:30:04 2019,111,111,111,111,111,111,111,111,111
Tue Nov 19 23:40:04 2019,111,111,111,111,111,111,111,111,111
Tue Nov 19 23:50:04 2019,111,111,111,111,111,111,111,111,111
Wed Nov 20 00:00:04 2019,111,111,111,111,111,111,111,111,111
Wed Nov 20 00:10:04 2019,111,111,111,111,111,111,111,111,111
Wed Nov 20 00:20:04 2019,111,111,111,111,111,111,111,111,111
Wed Nov 20 00:30:04 2019,111,111,111,111,111,111,111,111,111
Wed Nov 20 00:40:04 2019,111,111,111,111,111,111,111,111,111
Wed Nov 20 00:50:04 2019,111,111,111,111,111,111,111,111,111
Wed Nov 20 01:00:05 2019,111,111,111,111,111,111,111,111,111
Wed Nov 20 01:10:05 2019,111,111,111,111,111,111,111,111,111
Wed Nov 20 01:20:05 2019,111,011,011,111,111,111,111,111,111
Wed Nov 20 01:30:05 2019,111,011,011,111,111,111,111,111,111
Wed Nov 20 01:40:05 2019,111,011,011,111,111,111,111,111,111
Wed Nov 20 01:50:04 2019,111,111,011,111,111,111,111,111,111
Wed Nov 20 02:00:04 2019,111,111,111,111,111,111,111,111,111
Wed Nov 20 02:10:04 2019,111,011,011,111,111,111,111,111,111
Wed Nov 20 02:20:04 2019,111,011,011,111,111,111,111,111,111
Wed Nov 20 02:30:04 2019,111,011,011,011,011,111,111,111,111
Wed Nov 20 02:40:04 2019,111,011,011,011,011,111,111,111,111
Wed Nov 20 02:50:04 2019,111,011,011,011,011,011,111,111,111
Wed Nov 20 03:00:05 2019,111,011,011,011,011,011,111,111,111
Wed Nov 20 03:10:05 2019,111,011,011,011,011,011,111,111,111
Wed Nov 20 03:20:05 2019,111,011,011,011,011,111,111,111,111
Wed Nov 20 03:30:05 2019,111,011,011,011,011,011,111,111,111
Wed Nov 20 03:40:04 2019,111,011,011,111,011,011,111,111,111
Wed Nov 20 03:50:04 2019,111,011,011,111,011,011,111,111,111
Wed Nov 20 04:00:04 2019,111,011,011,111,011,111,111,111,111
Wed Nov 20 04:10:04 2019,111,011,011,011,011,111,111,111,111
Wed Nov 20 04:20:04 2019,111,011,011,011,011,011,111,111,111
Wed Nov 20 04:30:04 2019,111,011,011,011,011,011,111,111,111
Wed Nov 20 04:40:04 2019,111,111,111,011,011,111,111,111,111
Wed Nov 20 04:50:04 2019,111,111,111,011,011,011,111,111,111
Wed Nov 20 05:00:05 2019,111,111,111,011,011,011,111,111,111
Wed Nov 20 05:10:05 2019,111,011,011,011,011,011,111,111,111
Wed Nov 20 05:20:05 2019,111,011,011,111,011,111,111,111,111
Wed Nov 20 05:30:05 2019,111,011,011,011,011,011,111,111,111
Wed Nov 20 05:40:04 2019,111,011,011,011,011,011,111,111,111
Wed Nov 20 05:50:04 2019,111,011,011,011,011,011,111,111,111
Wed Nov 20 06:00:05 2019,111,011,011,011,011,011,111,111,111
Wed Nov 20 06:10:05 2019,111,011,011,011,011,011,111,111,111
Wed Nov 20 06:20:05 2019,111,011,011,011,011,011,111,111,111
Wed Nov 20 06:30:05 2019,111,011,011,011,011,011,111,111,111
Wed Nov 20 06:40:04 2019,111,011,011,011,011,011,111,111,111
Wed Nov 20 06:50:04 2019,111,011,011,011,011,011,111,111,111
Wed Nov 20 07:00:04 2019,111,011,011,011,011,011,111,111,111
Wed Nov 20 07:10:04 2019,111,011,011,011,011,011,111,111,111
Wed Nov 20 07:20:04 2019,111,011,011,011,011,011,111,111,111
Wed Nov 20 07:30:04 2019,111,011,011,011,011,011,111,111,111
Wed Nov 20 07:40:04 2019,111,011,011,011,011,011,111,111,111
Wed Nov 20 07:50:04 2019,111,011,011,011,011,011,111,111,111
Wed Nov 20 08:00:05 2019,111,011,011,011,011,011,111,111,111
Wed Nov 20 08:10:05 2019,111,011,011,011,011,011,111,111,111
Wed Nov 20 08:20:05 2019,111,011,011,011,011,011,111,111,111
Wed Nov 20 08:30:04 2019,111,011,011,011,011,011,111,111,111
Wed Nov 20 08:40:04 2019,111,011,011,111,011,011,111,111,111
Wed Nov 20 08:50:04 2019,111,011,011,011,011,011,111,111,111
Wed Nov 20 09:00:04 2019,111,011,011,111,011,011,111,111,111
Wed Nov 20 09:10:04 2019,111,011,011,011,011,011,111,111,111
Wed Nov 20 09:20:04 2019,111,111,111,011,011,011,111,111,111
Wed Nov 20 09:30:04 2019,111,111,111,011,011,011,111,111,111
Wed Nov 20 09:40:04 2019,111,011,011,011,011,011,111,111,111
Wed Nov 20 09:50:04 2019,111,011,011,011,011,011,111,111,111
Wed Nov 20 10:00:04 2019,111,011,011,011,011,011,111,111,111
Wed Nov 20 10:10:05 2019,111,011,011,011,011,011,111,111,111
Wed Nov 20 10:20:04 2019,111,011,011,011,011,011,111,111,111
Wed Nov 20 10:30:09 2019,111,011,011,011,011,011,111,111,111
Wed Nov 20 10:40:05 2019,111,011,011,011,011,011,111,111,111
Wed Nov 20 10:50:05 2019,111,111,111,111,011,011,111,111,111
Wed Nov 20 11:00:04 2019,111,111,111,011,011,011,111,111,111
Wed Nov 20 11:10:05 2019,111,011,011,111,011,011,111,111,111
Wed Nov 20 11:20:05 2019,111,011,011,011,011,011,111,111,111
Wed Nov 20 11:30:04 2019,111,011,011,111,011,111,111,111,111
Wed Nov 20 11:40:05 2019,111,011,011,011,011,111,111,111,111
Wed Nov 20 11:50:04 2019,111,011,011,111,011,011,111,111,111
Wed Nov 20 12:00:04 2019,111,011,111,111,011,011,111,111,111
Wed Nov 20 12:10:05 2019,111,111,111,111,011,011,111,111,111
Wed Nov 20 12:20:05 2019,111,011,011,011,011,111,111,111,111
Wed Nov 20 12:30:05 2019,111,111,111,111,011,111,111,111,111
Wed Nov 20 12:40:05 2019,111,111,111,011,011,011,111,111,111
Wed Nov 20 12:50:05 2019,111,111,111,111,011,011,111,111,111
Wed Nov 20 13:00:05 2019,111,111,111,111,011,111,111,111,111
Wed Nov 20 13:10:05 2019,111,011,011,111,111,011,111,111,111
Wed Nov 20 13:20:04 2019,111,011,011,111,111,111,111,111,111
Wed Nov 20 13:30:04 2019,111,011,011,111,011,111,111,111,111
Wed Nov 20 13:40:04 2019,111,011,011,111,111,111,111,111,111
Wed Nov 20 13:50:04 2019,111,011,011,011,011,011,111,111,111
Wed Nov 20 14:00:04 2019,111,111,111,111,111,111,111,111,111
Wed Nov 20 14:10:04 2019,111,111,111,111,111,111,111,111,111
Wed Nov 20 14:20:04 2019,111,011,011,111,111,111,111,111,111
Wed Nov 20 14:30:04 2019,111,111,011,111,011,111,111,111,111
Wed Nov 20 14:40:04 2019,111,111,111,011,011,111,111,111,111
Wed Nov 20 14:50:04 2019,111,011,011,011,011,011,111,111,111
Wed Nov 20 15:00:04 2019,111,011,011,011,011,011,111,111,111
Wed Nov 20 15:10:04 2019,111,111,111,011,011,011,111,111,111
Wed Nov 20 15:20:04 2019,111,111,111,011,011,011,111,111,111
Wed Nov 20 15:30:05 2019,111,111,111,011,011,011,111,111,111
Wed Nov 20 15:40:04 2019,111,011,011,011,011,011,111,111,111
Wed Nov 20 15:50:05 2019,111,111,111,011,011,011,111,111,111
Wed Nov 20 16:00:05 2019,111,111,011,011,011,011,111,111,111
Wed Nov 20 16:10:05 2019,111,111,111,111,111,111,111,111,111
Wed Nov 20 16:20:05 2019,111,111,111,011,011,011,111,111,111
Wed Nov 20 16:30:05 2019,111,111,111,111,011,111,111,111,111
Wed Nov 20 16:40:05 2019,111,111,111,011,011,111,111,111,111
Wed Nov 20 16:50:05 2019,111,111,111,011,011,011,111,111,111
Wed Nov 20 17:00:05 2019,111,011,011,011,011,011,111,111,111
Wed Nov 20 17:10:05 2019,111,111,111,111,011,011,111,111,111
Wed Nov 20 17:20:04 2019,111,011,011,011,011,011,111,111,111
Wed Nov 20 17:30:05 2019,111,011,011,011,011,011,111,111,111
Wed Nov 20 17:40:04 2019,111,011,011,011,011,011,111,111,111
Wed Nov 20 17:50:04 2019,111,011,011,111,111,111,111,111,111
Wed Nov 20 18:00:04 2019,111,111,111,111,011,011,111,111,111
Wed Nov 20 18:10:05 2019,111,111,111,011,011,011,111,111,111
Wed Nov 20 18:20:04 2019,111,111,111,011,011,111,111,111,111
Wed Nov 20 18:30:05 2019,111,111,111,011,011,111,111,111,111
Wed Nov 20 18:40:05 2019,111,111,111,011,011,011,111,111,111
Wed Nov 20 18:50:04 2019,111,111,111,011,011,011,111,111,111
Wed Nov 20 19:00:04 2019,111,111,111,111,011,011,111,111,111
Wed Nov 20 19:10:04 2019,111,111,111,011,011,011,111,111,111
Wed Nov 20 19:20:04 2019,111,111,111,011,011,011,111,111,111
Wed Nov 20 19:30:04 2019,111,111,111,011,011,011,111,111,111
Wed Nov 20 19:40:04 2019,111,011,011,011,011,011,111,111,111
Wed Nov 20 19:50:04 2019,111,011,011,011,011,011,111,111,111
Wed Nov 20 20:00:04 2019,111,011,011,011,011,011,111,111,111
Wed Nov 20 20:10:04 2019,111,011,011,011,011,011,111,111,111
Wed Nov 20 20:20:04 2019,111,011,011,011,011,011,111,111,111
Wed Nov 20 20:30:05 2019,111,011,011,011,011,011,111,111,111
Wed Nov 20 20:40:04 2019,111,011,011,011,011,011,111,111,111
Wed Nov 20 20:50:04 2019,111,011,011,011,011,011,111,111,111
Wed Nov 20 21:00:04 2019,111,111,111,011,011,011,111,111,111
Wed Nov 20 21:10:04 2019,111,111,111,011,011,011,111,111,111
Wed Nov 20 21:20:04 2019,111,011,011,011,011,011,111,111,111
Wed Nov 20 21:30:04 2019,111,011,011,011,011,011,111,111,111
Wed Nov 20 21:40:05 2019,111,011,011,011,011,011,111,111,111
Wed Nov 20 21:50:05 2019,111,111,111,011,011,011,111,111,111
Wed Nov 20 22:00:04 2019,111,111,111,011,011,011,111,111,111
Wed Nov 20 22:10:04 2019,111,111,111,111,011,011,111,111,111
Wed Nov 20 22:20:04 2019,111,111,011,011,011,011,111,111,111
Wed Nov 20 22:30:04 2019,111,011,011,011,011,011,111,111,111
Wed Nov 20 22:40:04 2019,111,011,011,011,011,111,111,111,111
Wed Nov 20 22:50:04 2019,111,011,111,111,011,011,111,111,111
Wed Nov 20 23:00:04 2019,111,111,111,011,011,111,111,111,111
Wed Nov 20 23:10:05 2019,111,111,111,011,011,011,111,111,111
Wed Nov 20 23:20:05 2019,111,111,111,011,011,011,111,111,111
Wed Nov 20 23:30:05 2019,111,011,011,111,111,111,111,111,111
Wed Nov 20 23:40:06 2019,111,111,111,111,011,011,111,111,111
Wed Nov 20 23:50:05 2019,111,011,011,011,011,011,111,111,111
Thu Nov 21 00:00:05 2019,111,111,111,011,011,011,111,111,111
Thu Nov 21 00:10:04 2019,111,111,111,011,011,011,111,111,111
Thu Nov 21 00:20:04 2019,111,111,111,111,011,011,111,111,111
Thu Nov 21 00:30:05 2019,111,111,111,111,111,011,111,111,111
Thu Nov 21 00:40:05 2019,111,011,011,111,111,011,111,111,111
Thu Nov 21 00:50:04 2019,111,011,011,111,111,011,111,111,111
Thu Nov 21 01:00:05 2019,111,011,011,111,111,011,111,111,111
Thu Nov 21 01:10:04 2019,111,011,011,111,111,111,111,111,111
Thu Nov 21 01:20:04 2019,111,011,011,011,011,011,111,111,111
Thu Nov 21 01:30:04 2019,111,011,011,111,011,011,111,111,111
Thu Nov 21 01:40:04 2019,111,011,011,011,011,011,111,111,111
Thu Nov 21 01:50:04 2019,111,011,011,011,011,011,111,111,111
Thu Nov 21 02:00:04 2019,111,011,011,111,111,111,111,111,111
Thu Nov 21 02:10:04 2019,111,011,011,011,011,011,111,111,111
Thu Nov 21 02:20:05 2019,111,011,011,111,111,111,111,111,111
Thu Nov 21 02:30:05 2019,111,011,011,111,111,111,111,111,111
Thu Nov 21 02:40:04 2019,111,011,011,111,111,111,111,111,111
Thu Nov 21 02:50:04 2019,111,011,011,011,011,011,111,111,111
Thu Nov 21 03:00:05 2019,111,011,011,011,011,011,111,111,111
Thu Nov 21 03:10:05 2019,111,011,011,011,011,011,111,111,111
Thu Nov 21 03:20:04 2019,111,011,011,111,111,111,111,111,111
Thu Nov 21 03:30:05 2019,111,011,011,111,011,011,111,111,111
Thu Nov 21 03:40:04 2019,111,011,011,111,011,011,111,111,111
Thu Nov 21 03:50:05 2019,111,011,011,011,011,011,111,111,111
Thu Nov 21 04:00:04 2019,111,011,011,111,011,011,111,111,111
Thu Nov 21 04:10:05 2019,111,111,011,111,111,111,111,111,111
Thu Nov 21 04:20:04 2019,111,111,111,111,111,111,111,111,111
Thu Nov 21 04:30:04 2019,111,111,111,011,111,111,111,111,111
Thu Nov 21 04:40:04 2019,111,111,111,011,111,111,111,111,111
Thu Nov 21 04:50:04 2019,111,011,011,111,111,111,111,111,111
Thu Nov 21 05:00:04 2019,111,111,111,111,111,011,111,111,111
Thu Nov 21 05:10:04 2019,111,111,111,111,011,011,111,111,111
Thu Nov 21 05:20:04 2019,111,111,111,111,011,011,111,111,111
Thu Nov 21 05:30:04 2019,111,111,111,011,011,011,111,111,111
Thu Nov 21 05:40:04 2019,111,111,111,011,011,011,111,111,111
Thu Nov 21 05:50:04 2019,111,111,111,011,011,011,111,111,111
Thu Nov 21 06:00:05 2019,111,111,111,011,011,011,111,111,111
Thu Nov 21 06:10:05 2019,111,111,111,111,111,111,111,111,111
Thu Nov 21 06:20:05 2019,111,111,111,111,011,011,111,111,111
Thu Nov 21 06:30:04 2019,111,111,111,111,011,011,111,111,111
Thu Nov 21 06:40:05 2019,111,111,111,011,011,011,111,111,111
Thu Nov 21 06:50:05 2019,111,111,111,011,011,011,111,111,111
Thu Nov 21 07:00:05 2019,111,111,111,011,011,011,111,111,111
Thu Nov 21 07:10:05 2019,111,111,111,011,011,011,111,111,111
Thu Nov 21 07:20:04 2019,111,111,111,011,011,011,111,111,111
Thu Nov 21 07:30:04 2019,111,111,111,011,011,011,111,111,111
Thu Nov 21 07:40:04 2019,111,111,111,011,011,011,111,111,111
Thu Nov 21 07:50:04 2019,111,111,111,011,011,011,111,111,111
Thu Nov 21 08:00:05 2019,111,111,111,111,111,011,111,111,111
Thu Nov 21 08:10:04 2019,111,111,111,111,111,011,111,111,111
Thu Nov 21 08:20:04 2019,111,111,111,011,011,011,111,111,111
Thu Nov 21 08:30:04 2019,111,111,111,011,011,011,111,111,111
Thu Nov 21 08:40:05 2019,111,111,111,011,011,011,111,111,111
Thu Nov 21 08:50:05 2019,111,111,111,111,111,011,111,111,111
Thu Nov 21 09:00:04 2019,111,111,111,111,111,011,111,111,111
Thu Nov 21 09:10:05 2019,111,111,111,111,111,011,111,111,111
Thu Nov 21 09:20:05 2019,111,111,011,111,111,011,111,111,111
Thu Nov 21 09:30:04 2019,111,011,011,111,111,011,111,111,111
Thu Nov 21 09:40:04 2019,111,011,011,111,111,011,111,111,111
Thu Nov 21 09:50:04 2019,111,011,011,111,111,011,111,111,111
Thu Nov 21 10:00:04 2019,111,011,011,111,111,011,111,111,111
Thu Nov 21 10:10:04 2019,111,011,011,111,111,011,111,111,111
Thu Nov 21 10:20:04 2019,111,011,011,111,111,011,111,111,111
Thu Nov 21 10:30:04 2019,111,011,011,111,111,011,111,111,111
Thu Nov 21 10:40:04 2019,111,011,011,111,111,011,111,111,111
Thu Nov 21 10:50:05 2019,111,011,011,111,111,011,111,111,111
Thu Nov 21 11:00:04 2019,111,011,011,111,111,011,111,111,111
Thu Nov 21 11:10:05 2019,111,011,011,111,111,011,111,111,111
Thu Nov 21 11:20:05 2019,111,011,011,111,111,011,111,111,111
Thu Nov 21 11:30:05 2019,111,011,011,111,111,011,111,111,111
Thu Nov 21 11:40:05 2019,111,011,011,111,111,011,111,111,111
Thu Nov 21 11:50:05 2019,111,111,111,111,111,011,111,111,111
Thu Nov 21 12:00:04 2019,111,011,011,111,111,011,111,111,111
Thu Nov 21 12:10:05 2019,111,011,011,111,111,011,111,111,111
Thu Nov 21 12:20:04 2019,111,011,011,111,111,011,111,111,111
Thu Nov 21 12:30:04 2019,111,011,011,111,111,011,111,111,111
Thu Nov 21 12:40:04 2019,111,011,011,111,011,011,111,111,111
Thu Nov 21 12:50:05 2019,111,011,011,011,011,011,111,111,111
Thu Nov 21 13:00:04 2019,111,011,011,011,011,111,111,111,111
Thu Nov 21 13:10:05 2019,111,011,011,011,011,011,111,111,111
Thu Nov 21 13:20:05 2019,111,011,011,011,011,011,111,111,111
Thu Nov 21 13:30:05 2019,111,011,011,011,011,011,111,111,111
Thu Nov 21 13:40:04 2019,111,011,011,011,011,011,111,111,111
Thu Nov 21 13:50:05 2019,111,011,011,011,011,011,111,111,111
Thu Nov 21 14:00:05 2019,111,011,011,011,011,011,111,111,111
Thu Nov 21 14:10:04 2019,111,011,011,011,011,011,111,111,111
Thu Nov 21 14:20:04 2019,111,011,011,011,011,011,111,111,111
Thu Nov 21 14:30:04 2019,111,011,011,011,011,011,111,111,111
Thu Nov 21 14:40:04 2019,111,011,011,011,011,011,111,111,111
Thu Nov 21 14:50:04 2019,111,011,011,011,011,011,111,111,111
Thu Nov 21 15:00:04 2019,111,011,011,011,011,011,111,111,111
Thu Nov 21 15:10:04 2019,111,011,011,111,011,111,111,111,111
Thu Nov 21 15:20:04 2019,111,011,011,011,011,011,111,111,111
Thu Nov 21 15:30:05 2019,111,011,011,111,011,111,111,111,111
Thu Nov 21 15:40:04 2019,111,111,111,111,011,011,111,111,111
Thu Nov 21 15:50:04 2019,111,111,111,111,011,111,111,111,111
Thu Nov 21 16:00:05 2019,111,111,111,011,011,111,111,111,111
Thu Nov 21 16:10:05 2019,111,111,111,111,011,011,111,111,111
Thu Nov 21 16:20:05 2019,111,111,111,011,011,011,111,111,111
Thu Nov 21 16:30:05 2019,111,011,011,011,011,011,111,111,111
Thu Nov 21 16:40:05 2019,111,011,011,011,011,011,111,111,111
Thu Nov 21 16:50:05 2019,111,011,011,111,011,011,111,111,111
Thu Nov 21 17:00:04 2019,111,011,011,111,011,011,111,111,111
Thu Nov 21 17:10:04 2019,111,011,011,111,011,111,111,111,111
Thu Nov 21 17:20:05 2019,111,011,011,011,011,011,111,111,111
Thu Nov 21 17:30:05 2019,111,011,011,111,011,011,111,111,111
Thu Nov 21 17:40:04 2019,111,011,011,111,011,011,111,111,111
Thu Nov 21 17:50:04 2019,111,011,011,111,011,011,111,111,111
Thu Nov 21 18:00:04 2019,111,111,111,011,011,011,111,111,111
Thu Nov 21 18:10:04 2019,111,111,111,011,011,011,111,111,111
Thu Nov 21 18:20:05 2019,111,111,111,011,011,011,111,111,111
Thu Nov 21 18:30:04 2019,111,111,111,011,011,011,111,111,111
Thu Nov 21 18:40:04 2019,111,111,111,011,011,011,111,111,111
Thu Nov 21 18:50:04 2019,111,111,111,011,011,011,111,111,111
Thu Nov 21 19:00:04 2019,111,111,111,011,011,011,111,111,111
Thu Nov 21 19:10:05 2019,111,111,111,011,011,011,111,111,111
Thu Nov 21 19:20:04 2019,111,111,111,011,011,011,111,111,111
Thu Nov 21 19:30:04 2019,111,111,111,011,011,011,111,111,111
Thu Nov 21 19:40:04 2019,111,111,111,011,011,011,111,111,111
Thu Nov 21 19:50:04 2019,111,111,111,011,011,011,111,111,111
Thu Nov 21 20:00:05 2019,111,011,011,011,011,011,111,111,111
Thu Nov 21 20:10:05 2019,111,111,111,011,011,011,111,111,111
Thu Nov 21 20:20:05 2019,111,111,111,011,011,011,111,111,111
Thu Nov 21 20:30:05 2019,111,111,111,011,011,011,111,111,111
Thu Nov 21 20:40:04 2019,111,111,111,011,011,011,111,111,111
Thu Nov 21 20:50:04 2019,111,111,111,011,011,011,111,111,111
Thu Nov 21 21:00:04 2019,111,111,111,011,011,011,111,111,111
Thu Nov 21 21:10:04 2019,111,011,011,011,011,011,111,111,111
Thu Nov 21 21:20:05 2019,111,011,011,011,011,011,111,111,111
Thu Nov 21 21:30:05 2019,111,011,011,011,011,011,111,111,111
Thu Nov 21 21:40:05 2019,111,111,111,011,011,011,111,111,111
Thu Nov 21 21:50:05 2019,111,111,111,111,111,111,111,111,111
Thu Nov 21 22:00:05 2019,111,111,111,011,011,011,111,111,111
Thu Nov 21 22:10:04 2019,111,111,111,111,011,011,111,111,111
Thu Nov 21 22:20:05 2019,111,111,111,011,011,011,111,111,111
Thu Nov 21 22:30:04 2019,111,111,111,111,011,111,111,111,111
Thu Nov 21 22:40:04 2019,111,111,111,111,011,111,111,111,111
Thu Nov 21 22:50:05 2019,111,111,111,011,011,011,111,111,111
Thu Nov 21 23:00:04 2019,111,111,111,011,011,111,111,111,111
Thu Nov 21 23:10:05 2019,111,111,111,111,111,111,111,111,111
Thu Nov 21 23:20:05 2019,111,111,111,111,111,111,111,111,111
Thu Nov 21 23:30:04 2019,111,111,111,111,111,111,111,111,111
Thu Nov 21 23:40:05 2019,111,111,111,111,111,111,111,111,111
Thu Nov 21 23:50:05 2019,111,111,111,111,111,111,111,111,111
Fri Nov 22 00:00:04 2019,111,111,111,011,011,011,111,111,111
Fri Nov 22 00:10:04 2019,111,111,111,111,111,111,111,111,111
Fri Nov 22 00:20:04 2019,111,111,111,111,111,111,111,111,111
Fri Nov 22 00:30:04 2019,111,111,111,111,111,111,111,111,111
Fri Nov 22 00:40:04 2019,111,111,111,111,111,111,111,111,111
Fri Nov 22 00:50:04 2019,111,111,111,111,111,111,111,111,111
Fri Nov 22 01:00:04 2019,111,111,111,111,111,111,111,111,111
Fri Nov 22 01:10:04 2019,111,111,111,111,111,111,111,111,111
Fri Nov 22 01:20:04 2019,111,111,111,111,111,111,111,111,111
Fri Nov 22 01:30:04 2019,111,111,111,111,111,111,111,111,111
Fri Nov 22 01:40:04 2019,111,111,111,111,111,111,111,111,111
Fri Nov 22 01:50:04 2019,111,111,111,111,111,111,111,111,111
Fri Nov 22 02:00:05 2019,111,111,111,111,111,111,111,111,111
Fri Nov 22 02:10:04 2019,111,111,111,111,111,111,111,111,111
Fri Nov 22 02:20:04 2019,111,111,111,111,011,011,111,111,111
Fri Nov 22 02:30:04 2019,111,111,111,111,111,111,111,111,111
Fri Nov 22 02:40:04 2019,111,111,111,111,111,111,111,111,111
Fri Nov 22 02:50:04 2019,111,111,111,111,011,011,111,111,111
Fri Nov 22 03:00:04 2019,111,111,111,111,011,011,111,111,111
Fri Nov 22 03:10:04 2019,111,111,111,111,011,011,111,111,111
Fri Nov 22 03:20:04 2019,111,111,111,111,011,011,111,111,111
Fri Nov 22 03:30:04 2019,111,111,111,111,011,011,111,111,111
Fri Nov 22 03:40:04 2019,111,111,111,111,111,011,111,111,111
Fri Nov 22 03:50:04 2019,111,111,111,111,111,011,111,111,111
Fri Nov 22 04:00:04 2019,111,111,111,111,111,011,111,111,111
Fri Nov 22 04:10:05 2019,111,111,111,111,111,011,111,111,111
Fri Nov 22 04:20:06 2019,111,111,111,011,111,011,111,111,111
Fri Nov 22 04:30:05 2019,111,111,111,011,011,011,111,111,111
Fri Nov 22 04:40:05 2019,111,111,111,011,011,011,111,111,111
Fri Nov 22 04:50:05 2019,111,111,111,011,011,011,111,111,111
Fri Nov 22 05:00:05 2019,111,011,011,111,011,011,111,111,111
Fri Nov 22 05:10:05 2019,111,011,011,111,111,011,111,111,111
Fri Nov 22 05:20:04 2019,111,011,011,111,111,011,111,111,111
Fri Nov 22 05:30:05 2019,111,011,011,111,111,011,111,111,111
Fri Nov 22 05:40:04 2019,111,011,011,111,111,011,111,111,111
Fri Nov 22 05:50:04 2019,111,111,111,011,111,011,111,111,111
Fri Nov 22 06:00:04 2019,111,011,011,011,011,011,111,111,111
Fri Nov 22 06:10:04 2019,111,111,111,111,011,011,111,111,111
Fri Nov 22 06:20:04 2019,111,111,111,111,011,011,111,111,111
Fri Nov 22 06:30:04 2019,111,011,011,111,011,011,111,111,111
Fri Nov 22 06:40:04 2019,111,011,011,111,011,011,111,111,111
Fri Nov 22 06:50:06 2019,111,011,011,111,011,011,111,111,111
Fri Nov 22 07:00:04 2019,111,011,011,111,011,011,111,111,111
Fri Nov 22 07:10:04 2019,111,011,011,111,011,011,111,111,111
Fri Nov 22 07:20:05 2019,111,011,011,111,011,011,111,111,111
Fri Nov 22 07:30:04 2019,111,111,111,111,011,011,111,111,111
Fri Nov 22 07:40:05 2019,111,111,111,011,011,011,111,111,111
Fri Nov 22 07:50:04 2019,111,011,011,011,011,011,111,111,111
Fri Nov 22 08:00:04 2019,111,111,111,011,011,011,111,111,111
Fri Nov 22 08:10:04 2019,111,111,111,111,011,011,111,111,111
Fri Nov 22 08:20:04 2019,111,011,011,111,011,011,111,111,111
Fri Nov 22 08:30:04 2019,111,111,111,111,011,011,111,111,111
Fri Nov 22 08:40:06 2019,111,111,111,011,011,011,111,111,111
Fri Nov 22 08:50:05 2019,111,011,011,011,011,011,111,111,111
Fri Nov 22 09:00:04 2019,111,111,111,011,011,011,111,111,111
Fri Nov 22 09:10:04 2019,111,111,111,011,011,011,111,111,111
Fri Nov 22 09:20:05 2019,111,111,111,111,011,011,111,111,111
Fri Nov 22 09:30:04 2019,111,111,111,111,111,111,111,111,111
Fri Nov 22 09:40:05 2019,111,111,111,011,011,011,111,111,111
Fri Nov 22 09:50:05 2019,111,111,111,011,011,011,111,111,111
Fri Nov 22 10:00:04 2019,111,111,111,111,011,111,111,111,111
Fri Nov 22 10:10:04 2019,111,111,111,111,111,111,111,111,111
Fri Nov 22 10:20:04 2019,111,111,111,011,011,011,111,111,111
Fri Nov 22 10:30:04 2019,111,111,111,011,011,011,111,111,111
Fri Nov 22 10:40:04 2019,111,111,111,111,011,011,111,111,111
Fri Nov 22 10:50:04 2019,111,111,111,111,011,011,111,111,111
Fri Nov 22 11:00:04 2019,111,111,111,111,011,011,111,111,111
Fri Nov 22 11:10:05 2019,111,111,111,111,011,011,111,111,111
Fri Nov 22 11:20:04 2019,111,111,111,111,111,111,111,111,111
Fri Nov 22 11:30:04 2019,111,111,111,111,011,111,111,111,111
Fri Nov 22 11:40:04 2019,111,111,111,111,111,111,111,111,111
Fri Nov 22 11:50:04 2019,111,111,111,111,111,111,111,111,111
Fri Nov 22 12:00:04 2019,111,111,111,111,011,011,111,111,111
Fri Nov 22 12:10:04 2019,111,111,111,111,111,111,111,111,111
Fri Nov 22 12:20:04 2019,111,111,111,111,111,111,111,111,111
Fri Nov 22 12:30:04 2019,111,111,111,111,111,111,111,111,111
Fri Nov 22 12:40:04 2019,111,111,111,111,111,111,111,111,111
Fri Nov 22 12:50:04 2019,111,111,111,111,111,111,111,111,111
Fri Nov 22 13:00:05 2019,111,111,111,111,111,111,111,111,111
Fri Nov 22 13:10:04 2019,111,111,111,111,111,111,111,111,111
Fri Nov 22 13:20:04 2019,111,111,111,111,111,111,111,111,111
Fri Nov 22 13:30:04 2019,111,111,111,111,111,111,111,111,111
Fri Nov 22 13:40:04 2019,111,111,111,111,011,111,111,111,111
Fri Nov 22 13:50:04 2019,111,111,111,011,011,011,111,111,111
Fri Nov 22 14:00:05 2019,111,111,111,111,011,111,111,111,111
Fri Nov 22 14:10:04 2019,111,111,111,111,011,111,111,111,111
Fri Nov 22 14:20:04 2019,111,111,111,011,011,011,111,111,111
Fri Nov 22 14:30:04 2019,111,111,111,111,011,011,111,111,111
Fri Nov 22 14:40:04 2019,111,111,111,111,011,011,111,111,111
Fri Nov 22 14:50:04 2019,111,111,111,111,011,011,111,111,111
Fri Nov 22 15:00:04 2019,111,111,111,111,011,011,111,111,111
Fri Nov 22 15:10:04 2019,111,111,111,111,011,011,111,111,111
Fri Nov 22 15:20:05 2019,111,111,111,011,011,111,111,111,111
Fri Nov 22 15:30:05 2019,111,111,111,111,011,111,111,111,111
Fri Nov 22 15:40:05 2019,111,111,111,111,111,111,111,111,111
Fri Nov 22 15:50:04 2019,111,111,111,111,111,111,111,111,111
Fri Nov 22 16:00:05 2019,111,111,111,111,111,111,111,111,111
Fri Nov 22 16:10:05 2019,111,111,111,111,011,011,111,111,111
Fri Nov 22 16:20:04 2019,111,111,111,111,011,011,111,111,111
Fri Nov 22 16:30:04 2019,111,111,111,111,011,011,111,111,111
Fri Nov 22 16:40:05 2019,111,111,111,111,011,011,111,111,111
Fri Nov 22 16:50:05 2019,111,111,111,111,111,111,111,111,111
Fri Nov 22 17:00:04 2019,111,111,111,111,111,111,111,111,111
Fri Nov 22 17:10:04 2019,111,111,111,111,111,111,111,111,111
Fri Nov 22 17:20:05 2019,111,111,111,111,111,111,111,111,111
Fri Nov 22 17:30:05 2019,111,111,111,111,111,111,111,111,111
Fri Nov 22 17:40:04 2019,111,111,111,111,111,111,111,111,111
Fri Nov 22 17:50:05 2019,111,111,111,111,111,111,111,111,111
Fri Nov 22 18:00:05 2019,111,111,111,111,111,111,111,111,111
Fri Nov 22 18:10:05 2019,111,111,111,111,111,111,111,111,111
Fri Nov 22 18:20:05 2019,111,111,111,111,111,111,111,111,111
Fri Nov 22 18:30:05 2019,111,111,111,111,111,111,111,111,111
Fri Nov 22 18:40:04 2019,111,111,111,111,111,111,111,111,111
Fri Nov 22 18:50:04 2019,111,111,111,111,111,111,111,111,111
Fri Nov 22 19:00:04 2019,111,111,111,111,111,111,111,111,111
Fri Nov 22 19:10:05 2019,111,111,111,111,111,111,111,111,111
Fri Nov 22 19:20:05 2019,111,111,111,111,111,111,111,111,111
Fri Nov 22 19:30:05 2019,111,111,111,111,111,111,111,111,111
Fri Nov 22 19:40:05 2019,111,111,111,111,111,111,111,111,111
Fri Nov 22 19:50:05 2019,111,111,111,111,111,111,111,111,111
Fri Nov 22 20:00:04 2019,111,111,111,111,011,011,111,111,111
Fri Nov 22 20:10:05 2019,111,111,111,111,011,011,111,111,111
Fri Nov 22 20:20:05 2019,111,111,111,111,011,011,111,111,111
Fri Nov 22 20:30:05 2019,111,111,111,111,011,011,111,111,111
Fri Nov 22 20:40:04 2019,111,111,111,111,011,011,111,111,111
Fri Nov 22 20:50:04 2019,111,111,111,111,011,011,111,111,111
Fri Nov 22 21:00:05 2019,111,111,111,111,011,011,111,111,111
Fri Nov 22 21:10:05 2019,111,111,111,111,011,011,111,111,111
Fri Nov 22 21:20:04 2019,111,111,111,111,011,011,111,111,111
Fri Nov 22 21:30:05 2019,111,111,111,111,011,011,111,111,111
Fri Nov 22 21:40:05 2019,111,111,111,111,011,011,111,111,111
Fri Nov 22 21:50:05 2019,111,111,111,111,011,011,111,111,111
Fri Nov 22 22:00:05 2019,111,111,111,111,011,011,111,111,111
Fri Nov 22 22:10:05 2019,111,111,111,111,011,011,111,111,111
Fri Nov 22 22:20:05 2019,111,111,111,111,011,011,111,111,111
Fri Nov 22 22:30:05 2019,111,111,111,111,011,011,111,111,111
Fri Nov 22 22:40:05 2019,111,111,111,111,011,011,111,111,111
Fri Nov 22 22:50:05 2019,111,111,111,111,011,011,111,111,111
Fri Nov 22 23:00:09 2019,111,111,111,111,011,011,111,111,111
Fri Nov 22 23:10:04 2019,111,111,111,111,011,011,111,111,111
Fri Nov 22 23:20:04 2019,111,111,111,111,011,011,111,111,111
Fri Nov 22 23:30:05 2019,111,111,111,111,011,011,111,111,111
Fri Nov 22 23:40:04 2019,111,111,111,111,011,011,111,111,111
Fri Nov 22 23:50:05 2019,111,111,111,111,011,011,111,111,111
Sat Nov 23 00:00:05 2019,111,111,111,111,011,011,111,111,111
Sat Nov 23 00:10:05 2019,111,111,111,111,011,011,111,111,111
Sat Nov 23 00:20:05 2019,111,111,111,111,011,011,111,111,111
Sat Nov 23 00:30:05 2019,111,111,111,111,011,011,111,111,111
Sat Nov 23 00:40:05 2019,111,111,111,111,011,011,111,111,111
Sat Nov 23 00:50:05 2019,111,111,111,111,111,111,111,111,111
Sat Nov 23 01:00:05 2019,111,111,111,111,111,111,111,111,111
Sat Nov 23 01:10:05 2019,111,111,111,111,111,111,111,111,111
Sat Nov 23 01:20:04 2019,111,111,111,111,111,111,111,111,111
Sat Nov 23 01:30:05 2019,111,111,111,111,111,111,111,111,111
Sat Nov 23 01:40:04 2019,111,111,111,111,111,111,111,111,111
Sat Nov 23 01:50:04 2019,111,111,111,111,111,111,111,111,111
Sat Nov 23 02:00:04 2019,111,111,111,111,111,111,111,111,111
Sat Nov 23 02:10:04 2019,111,111,111,111,111,111,111,111,111
Sat Nov 23 02:20:04 2019,111,111,111,111,111,111,111,111,111
Sat Nov 23 02:30:05 2019,111,111,111,111,111,111,111,111,111
Sat Nov 23 02:40:05 2019,111,111,111,111,111,111,111,111,111
Sat Nov 23 02:50:04 2019,111,111,111,111,111,111,111,111,111
Sat Nov 23 03:00:04 2019,111,111,111,111,111,111,111,111,111
Sat Nov 23 03:10:04 2019,111,111,111,111,111,111,111,111,111
Sat Nov 23 03:20:04 2019,111,111,111,111,111,111,111,111,111
Sat Nov 23 03:30:04 2019,111,111,111,111,111,111,111,111,111
Sat Nov 23 03:40:04 2019,111,111,111,111,111,111,111,111,111
Sat Nov 23 03:50:04 2019,111,111,111,111,111,111,111,111,111
Sat Nov 23 04:00:04 2019,111,111,111,111,111,111,111,111,111
Sat Nov 23 04:10:05 2019,111,111,111,111,111,111,111,111,111
Sat Nov 23 04:20:04 2019,111,111,111,111,111,111,111,111,111
Sat Nov 23 04:30:04 2019,111,111,111,111,111,111,111,111,111
Sat Nov 23 04:40:05 2019,111,111,111,111,111,111,111,111,111
Sat Nov 23 04:50:05 2019,111,111,111,111,111,111,111,111,111
Sat Nov 23 05:00:05 2019,111,111,111,111,111,111,111,111,111
Sat Nov 23 05:10:05 2019,111,111,111,111,111,111,111,111,111
Sat Nov 23 05:20:04 2019,111,111,111,111,111,111,111,111,111
Sat Nov 23 05:30:05 2019,111,111,111,111,111,111,111,111,111
Sat Nov 23 05:40:04 2019,111,111,111,111,111,111,111,111,111
Sat Nov 23 05:50:05 2019,111,111,111,111,111,111,111,111,111
Sat Nov 23 06:00:04 2019,111,111,111,111,111,111,111,111,111
Sat Nov 23 06:10:04 2019,111,111,111,111,111,111,111,111,111
Sat Nov 23 06:20:04 2019,111,111,111,111,111,111,111,111,111
Sat Nov 23 06:30:04 2019,111,111,111,111,111,111,111,111,111
Sat Nov 23 06:40:04 2019,111,111,111,111,111,111,111,111,111
Sat Nov 23 06:50:04 2019,111,111,111,111,111,111,111,111,111
Sat Nov 23 07:00:04 2019,111,111,111,111,111,111,111,111,111
Sat Nov 23 07:10:05 2019,111,111,111,111,111,111,111,111,111
Sat Nov 23 07:20:04 2019,111,111,111,111,111,111,111,111,111
Sat Nov 23 07:30:04 2019,111,111,111,111,111,111,111,111,111
Sat Nov 23 07:40:05 2019,111,111,111,111,111,111,111,111,111
Sat Nov 23 07:50:04 2019,111,111,111,111,111,111,111,111,111
Sat Nov 23 08:00:05 2019,111,111,111,111,111,111,111,111,111
Sat Nov 23 08:10:05 2019,111,111,111,111,111,111,111,111,111
Sat Nov 23 08:20:05 2019,111,111,111,111,111,111,111,111,111
Sat Nov 23 08:30:05 2019,111,111,111,111,111,111,111,111,111
Sat Nov 23 08:40:05 2019,111,111,111,111,111,111,111,111,111
Sat Nov 23 08:50:05 2019,111,111,111,111,111,111,111,111,111
Sat Nov 23 09:00:05 2019,111,111,111,111,111,111,111,111,111
Sat Nov 23 09:10:04 2019,111,111,111,111,111,111,111,111,111
Sat Nov 23 09:20:05 2019,111,111,111,111,111,111,111,111,111
Sat Nov 23 09:30:05 2019,111,111,111,111,111,111,111,111,111
Sat Nov 23 09:40:04 2019,111,111,111,111,111,111,111,111,111
Sat Nov 23 09:50:04 2019,111,111,111,111,111,111,111,111,111
Sat Nov 23 10:00:04 2019,111,111,111,111,111,111,111,111,111
Sat Nov 23 10:10:06 2019,111,111,111,111,111,111,111,111,111
Sat Nov 23 10:20:04 2019,111,111,111,111,111,111,111,111,111
Sat Nov 23 10:30:04 2019,111,111,111,111,111,111,111,111,111
Sat Nov 23 10:40:04 2019,111,111,111,111,111,111,111,111,111
Sat Nov 23 10:50:04 2019,111,111,111,111,111,111,111,111,111
Sat Nov 23 11:00:04 2019,111,111,111,111,111,111,111,111,111
Sat Nov 23 11:10:04 2019,111,111,111,111,111,111,111,111,111
Sat Nov 23 11:20:04 2019,111,111,111,111,111,111,111,111,111
Sat Nov 23 11:30:04 2019,111,111,111,111,111,111,111,111,111
Sat Nov 23 11:40:04 2019,111,111,111,111,111,111,111,111,111
Sat Nov 23 11:50:05 2019,111,111,111,111,111,111,111,111,111
Sat Nov 23 12:00:05 2019,111,111,111,111,111,111,111,111,111
Sat Nov 23 12:10:04 2019,111,111,111,111,111,111,111,111,111
Sat Nov 23 12:20:04 2019,111,111,111,111,111,111,111,111,111
Sat Nov 23 12:30:04 2019,111,111,111,111,111,111,111,111,111
Sat Nov 23 12:40:04 2019,111,111,111,111,111,111,111,111,111
Sat Nov 23 12:50:05 2019,111,111,111,111,111,111,111,111,111
Sat Nov 23 13:00:05 2019,111,111,111,111,111,111,111,111,111
Sat Nov 23 13:10:04 2019,111,111,111,111,111,111,111,111,111
Sat Nov 23 13:20:04 2019,111,111,111,111,111,111,111,111,111
Sat Nov 23 13:30:04 2019,111,111,111,111,111,111,111,111,111
Sat Nov 23 13:40:05 2019,111,111,111,111,111,111,111,111,111
Sat Nov 23 13:50:05 2019,111,111,111,111,111,111,111,111,111
Sat Nov 23 14:00:04 2019,111,111,111,111,111,111,111,111,111
Sat Nov 23 14:10:04 2019,111,111,111,111,111,111,111,111,111
Sat Nov 23 14:20:04 2019,111,111,111,111,111,111,111,111,111
Sat Nov 23 14:30:05 2019,111,111,111,111,111,111,111,111,111
Sat Nov 23 14:40:04 2019,111,111,111,111,111,111,111,111,111
Sat Nov 23 14:50:04 2019,111,111,111,111,111,111,111,111,111
Sat Nov 23 15:00:17 2019,111,111,111,111,111,111,111,111,111
Sat Nov 23 15:10:14 2019,111,111,111,111,111,111,111,111,111
Sat Nov 23 15:20:04 2019,111,111,111,111,111,111,111,111,111
Sat Nov 23 15:30:04 2019,111,111,111,111,111,111,111,111,111
Sat Nov 23 15:40:04 2019,111,111,111,111,111,111,111,111,111
Sat Nov 23 15:50:04 2019,111,111,111,111,111,111,111,111,111
Sat Nov 23 16:00:04 2019,111,111,111,111,111,111,111,111,111
Sat Nov 23 16:10:04 2019,111,111,111,111,111,111,111,111,111
Sat Nov 23 16:20:04 2019,111,111,111,111,111,111,111,111,111
Sat Nov 23 16:30:04 2019,111,111,111,111,111,111,111,111,111
Sat Nov 23 16:40:04 2019,111,111,111,111,111,111,111,111,111
Sat Nov 23 16:50:05 2019,111,111,111,111,111,111,111,111,111
Sat Nov 23 17:00:05 2019,111,111,111,111,111,111,111,111,111
Sat Nov 23 17:10:04 2019,111,111,111,111,111,111,111,111,111
Sat Nov 23 17:20:04 2019,111,111,111,111,111,111,111,111,111
Sat Nov 23 17:30:04 2019,111,111,111,111,111,111,111,111,111
Sat Nov 23 17:40:04 2019,111,111,111,111,111,111,111,111,111
Sat Nov 23 17:50:04 2019,111,111,111,111,111,111,111,111,111
Sat Nov 23 18:00:05 2019,111,111,111,111,111,111,111,111,111
Sat Nov 23 18:10:04 2019,111,111,111,111,111,111,111,111,111
Sat Nov 23 18:20:05 2019,111,111,111,111,111,111,111,111,111
Sat Nov 23 18:30:04 2019,111,111,111,111,111,111,111,111,111
Sat Nov 23 18:40:04 2019,111,111,111,111,111,111,111,111,111
Sat Nov 23 18:50:04 2019,111,111,111,111,111,111,111,111,111
Sat Nov 23 19:00:04 2019,111,111,111,111,111,111,111,111,111
Sat Nov 23 19:10:04 2019,111,111,111,111,111,111,111,111,111
Sat Nov 23 19:20:05 2019,111,111,111,111,111,111,111,111,111
Sat Nov 23 19:30:04 2019,111,111,111,111,111,111,111,111,111
Sat Nov 23 19:40:05 2019,111,111,111,111,111,111,111,111,111
Sat Nov 23 19:50:04 2019,111,111,111,111,111,111,111,111,111
Sat Nov 23 20:00:05 2019,111,111,111,111,111,111,111,111,111
Sat Nov 23 20:10:05 2019,111,111,111,111,111,111,111,111,111
Sat Nov 23 20:20:04 2019,111,111,111,111,111,111,111,111,111
Sat Nov 23 20:30:05 2019,111,111,111,111,111,111,111,111,111
Sat Nov 23 20:40:04 2019,111,111,111,111,111,111,111,111,111
Sat Nov 23 20:50:05 2019,111,111,111,111,111,111,111,111,111
Sat Nov 23 21:00:04 2019,111,111,111,111,111,111,111,111,111
Sat Nov 23 21:10:04 2019,111,111,111,111,111,111,111,111,111
Sat Nov 23 21:20:04 2019,111,111,111,111,111,111,111,111,111
Sat Nov 23 21:30:05 2019,111,111,111,111,111,111,111,111,111
Sat Nov 23 21:40:04 2019,111,111,111,111,111,111,111,111,111
Sat Nov 23 21:50:04 2019,111,111,111,111,111,111,111,111,111
Sat Nov 23 22:00:04 2019,111,111,111,111,111,111,111,111,111
Sat Nov 23 22:10:04 2019,111,111,111,111,111,111,111,111,111
Sat Nov 23 22:20:04 2019,111,111,111,111,111,111,111,111,111
Sat Nov 23 22:30:04 2019,111,111,111,111,111,111,111,111,111
Sat Nov 23 22:40:04 2019,111,111,111,111,111,111,111,111,111
Sat Nov 23 22:50:04 2019,111,111,111,111,111,111,111,111,111
Sat Nov 23 23:00:05 2019,111,111,111,111,111,111,111,111,111
Sat Nov 23 23:10:05 2019,111,111,111,111,111,111,111,111,111
Sat Nov 23 23:20:05 2019,111,111,111,111,111,111,111,111,111
Sat Nov 23 23:30:05 2019,111,111,111,111,111,111,111,111,111
Sat Nov 23 23:40:05 2019,111,111,111,111,111,111,111,111,111
Sat Nov 23 23:50:05 2019,111,111,111,111,111,111,111,111,111
Sun Nov 24 00:00:04 2019,111,111,111,111,111,111,111,111,111
Sun Nov 24 00:10:04 2019,111,111,111,111,111,111,111,111,111
Sun Nov 24 00:20:05 2019,111,111,111,111,111,111,111,111,111
Sun Nov 24 00:30:04 2019,111,111,111,111,111,111,111,111,111
Sun Nov 24 00:40:04 2019,111,111,111,111,111,111,111,111,111
Sun Nov 24 00:50:05 2019,111,111,111,111,111,111,111,111,111
Sun Nov 24 01:00:04 2019,111,111,111,111,111,111,111,111,111
Sun Nov 24 01:10:04 2019,111,111,111,111,111,111,111,111,111
Sun Nov 24 01:20:04 2019,111,111,111,111,111,111,111,111,111
Sun Nov 24 01:30:04 2019,111,111,111,111,111,111,111,111,111
Sun Nov 24 01:40:05 2019,111,111,111,111,111,111,111,111,111
Sun Nov 24 01:50:04 2019,111,111,111,111,111,111,111,111,111
Sun Nov 24 02:00:05 2019,111,111,111,111,111,111,111,111,111
Sun Nov 24 02:10:04 2019,111,111,111,111,111,111,111,111,111
Sun Nov 24 02:20:05 2019,111,111,111,111,111,111,111,111,111
Sun Nov 24 02:30:05 2019,111,111,111,111,111,111,111,111,111
Sun Nov 24 02:40:04 2019,111,111,111,111,111,111,111,111,111
Sun Nov 24 02:50:04 2019,111,111,111,111,111,111,111,111,111
Sun Nov 24 03:00:04 2019,111,111,111,111,011,111,111,111,111
Sun Nov 24 03:10:04 2019,111,111,111,011,011,011,111,111,111
Sun Nov 24 03:20:04 2019,111,111,111,011,011,011,111,111,111
Sun Nov 24 03:30:04 2019,111,111,111,111,011,011,111,111,111
Sun Nov 24 03:40:04 2019,111,111,111,011,011,011,111,111,111
Sun Nov 24 03:50:04 2019,111,111,111,111,011,111,111,111,111
Sun Nov 24 04:00:04 2019,111,111,111,111,011,111,111,111,111
Sun Nov 24 04:10:04 2019,111,111,111,111,011,111,111,111,111
Sun Nov 24 04:20:04 2019,111,111,111,111,011,111,111,111,111
Sun Nov 24 04:30:05 2019,111,111,111,111,011,111,111,111,111
Sun Nov 24 04:40:04 2019,111,111,111,111,111,111,111,111,111
Sun Nov 24 04:50:04 2019,111,111,111,111,111,111,111,111,111
Sun Nov 24 05:00:04 2019,111,111,111,111,011,011,111,111,111
Sun Nov 24 05:10:05 2019,111,111,111,111,011,111,111,111,111
Sun Nov 24 05:20:04 2019,111,111,111,111,011,011,111,111,111
Sun Nov 24 05:30:05 2019,111,111,111,111,011,111,111,111,111
Sun Nov 24 05:40:05 2019,111,111,111,111,011,111,111,111,111
Sun Nov 24 05:50:05 2019,111,111,111,111,011,011,111,111,111
Sun Nov 24 06:00:05 2019,111,111,111,011,011,011,111,111,111
Sun Nov 24 06:10:05 2019,111,111,111,011,011,011,111,111,111
Sun Nov 24 06:20:04 2019,111,111,111,011,011,011,111,111,111
Sun Nov 24 06:30:05 2019,111,011,011,111,111,111,111,111,111
Sun Nov 24 06:40:05 2019,111,011,011,111,011,011,111,111,111
Sun Nov 24 06:50:04 2019,111,111,011,111,011,011,111,111,111
Sun Nov 24 07:00:04 2019,111,111,111,111,011,011,111,111,111
Sun Nov 24 07:10:04 2019,111,111,111,111,011,011,111,111,111
Sun Nov 24 07:20:04 2019,111,111,111,111,011,011,111,111,111
Sun Nov 24 07:30:04 2019,111,111,111,111,011,011,111,111,111
Sun Nov 24 07:40:04 2019,111,111,111,011,011,011,111,111,111
Sun Nov 24 07:50:04 2019,111,111,111,011,011,011,111,111,111
Sun Nov 24 08:00:04 2019,111,111,111,011,011,011,111,111,111
Sun Nov 24 08:10:05 2019,111,111,111,011,011,011,111,111,111
Sun Nov 24 08:20:04 2019,111,111,111,011,011,011,111,111,111
Sun Nov 24 08:30:05 2019,111,111,111,011,011,011,111,111,111
Sun Nov 24 08:40:08 2019,111,111,111,011,011,011,111,111,111
Sun Nov 24 08:50:04 2019,111,111,111,011,011,011,111,111,111
Sun Nov 24 09:00:05 2019,111,111,111,011,011,011,111,111,111
Sun Nov 24 09:10:05 2019,111,111,111,011,011,011,111,111,111
Sun Nov 24 09:20:04 2019,111,111,111,011,011,011,111,111,111
Sun Nov 24 09:30:04 2019,111,111,111,011,011,011,111,111,111
Sun Nov 24 09:40:05 2019,111,111,111,111,011,011,111,111,111
Sun Nov 24 09:50:05 2019,111,111,111,111,011,011,111,111,111
Sun Nov 24 10:00:04 2019,111,111,111,111,011,011,111,111,111
Sun Nov 24 10:10:04 2019,111,111,111,111,011,011,111,111,111
Sun Nov 24 10:20:04 2019,111,111,111,111,011,011,111,111,111
Sun Nov 24 10:30:04 2019,111,011,011,111,011,011,111,111,111
Sun Nov 24 10:40:04 2019,111,111,111,011,011,011,111,111,111
Sun Nov 24 10:50:05 2019,111,111,111,011,011,011,111,111,111
Sun Nov 24 11:00:05 2019,111,011,011,011,011,011,111,111,111
Sun Nov 24 11:10:05 2019,111,111,111,011,011,011,111,111,111
Sun Nov 24 11:20:04 2019,111,111,111,011,011,011,111,111,111
Sun Nov 24 11:30:04 2019,111,011,011,011,011,011,111,111,111
Sun Nov 24 11:40:04 2019,111,011,111,011,011,011,111,111,111
Sun Nov 24 11:50:05 2019,111,111,111,011,011,011,111,111,111
Sun Nov 24 12:00:05 2019,111,111,111,011,011,011,111,111,111
Sun Nov 24 12:10:05 2019,111,011,011,011,011,011,111,111,111
Sun Nov 24 12:20:05 2019,111,011,011,011,011,011,111,111,111
Sun Nov 24 12:30:05 2019,111,111,011,011,011,011,111,111,111
Sun Nov 24 12:40:04 2019,111,011,011,011,011,011,111,111,111
Sun Nov 24 12:50:04 2019,111,011,011,011,011,011,111,111,111
Sun Nov 24 13:00:04 2019,111,111,111,111,011,011,111,111,111
Sun Nov 24 13:10:04 2019,111,011,011,011,011,011,111,111,111
Sun Nov 24 13:20:04 2019,111,111,111,011,011,011,111,111,111
Sun Nov 24 13:30:04 2019,111,011,011,011,011,011,111,111,111
Sun Nov 24 13:40:04 2019,111,111,111,011,011,011,111,111,111
Sun Nov 24 13:50:04 2019,111,011,011,011,011,011,111,111,111
Sun Nov 24 14:00:05 2019,111,011,011,011,011,011,111,111,111
Sun Nov 24 14:10:04 2019,111,011,111,011,011,011,111,111,111
Sun Nov 24 14:20:04 2019,111,011,011,011,011,011,111,111,111
Sun Nov 24 14:30:05 2019,111,011,011,011,011,011,111,111,111
Sun Nov 24 14:40:05 2019,111,011,011,011,011,011,111,111,111
Sun Nov 24 14:50:04 2019,111,011,011,011,011,011,111,111,111
Sun Nov 24 15:00:04 2019,111,011,011,011,011,011,111,111,111
Sun Nov 24 15:10:04 2019,111,011,011,011,011,011,111,111,111
Sun Nov 24 15:20:04 2019,111,111,011,011,011,011,111,111,111
Sun Nov 24 15:30:04 2019,111,011,011,011,011,011,111,111,111
Sun Nov 24 15:40:04 2019,111,011,011,011,011,011,111,111,111
Sun Nov 24 15:50:04 2019,111,011,011,011,011,011,111,111,111
Sun Nov 24 16:00:05 2019,111,011,011,011,011,011,111,111,111
Sun Nov 24 16:10:05 2019,111,011,011,011,011,011,111,111,111
Sun Nov 24 16:20:04 2019,111,011,011,011,011,011,111,111,111
Sun Nov 24 16:30:04 2019,111,011,011,011,011,011,111,111,111
Sun Nov 24 16:40:04 2019,111,011,011,011,011,011,111,111,111
Sun Nov 24 16:50:04 2019,111,011,011,011,011,011,111,111,111
Sun Nov 24 17:00:05 2019,111,011,011,011,011,011,111,111,111
Sun Nov 24 17:10:04 2019,111,011,011,011,011,011,111,111,111
Sun Nov 24 17:20:04 2019,111,011,011,011,011,011,111,111,111
Sun Nov 24 17:30:04 2019,111,011,011,011,011,011,111,111,111
Sun Nov 24 17:40:04 2019,111,011,011,011,011,011,111,111,111
Sun Nov 24 17:50:04 2019,111,011,011,011,011,011,111,111,111
Sun Nov 24 18:00:04 2019,111,011,011,011,011,011,111,111,111
Sun Nov 24 18:10:04 2019,111,011,011,011,011,011,111,111,111
Sun Nov 24 18:20:04 2019,111,011,011,011,011,011,111,111,111
Sun Nov 24 18:30:04 2019,111,011,011,111,011,011,111,111,111
Sun Nov 24 18:40:04 2019,111,011,011,011,011,011,111,111,111
Sun Nov 24 18:50:04 2019,111,011,011,111,011,111,111,111,111
Sun Nov 24 19:00:04 2019,111,011,011,011,011,011,111,111,111
Sun Nov 24 19:10:04 2019,111,011,011,111,011,011,111,111,111
Sun Nov 24 19:20:04 2019,111,011,011,011,011,111,111,111,111
Sun Nov 24 19:30:04 2019,111,011,011,011,011,011,111,111,111
Sun Nov 24 19:40:04 2019,111,111,111,111,011,111,111,111,111
Sun Nov 24 19:50:05 2019,111,011,011,011,011,011,111,111,111
Sun Nov 24 20:00:04 2019,111,011,011,111,011,111,111,111,111
Sun Nov 24 20:10:05 2019,111,011,011,111,011,111,111,111,111
Sun Nov 24 20:20:05 2019,111,111,111,011,011,011,111,111,111
Sun Nov 24 20:30:04 2019,111,111,111,011,011,011,111,111,111
Sun Nov 24 20:40:04 2019,111,111,011,011,011,011,111,111,111
Sun Nov 24 20:50:04 2019,111,111,111,111,011,011,111,111,111
Sun Nov 24 21:00:04 2019,111,111,111,111,011,011,111,111,111
Sun Nov 24 21:10:04 2019,111,011,011,111,011,011,111,111,111
Sun Nov 24 21:20:04 2019,111,111,111,111,111,111,111,111,111
Sun Nov 24 21:30:04 2019,111,111,111,011,011,011,111,111,111
Sun Nov 24 21:40:04 2019,111,111,111,011,011,011,111,111,111
Sun Nov 24 21:50:04 2019,111,111,111,011,011,011,111,111,111
Sun Nov 24 22:00:04 2019,111,011,011,011,011,011,111,111,111
Sun Nov 24 22:10:04 2019,111,111,111,011,011,111,111,111,111
Sun Nov 24 22:20:05 2019,111,111,111,111,011,011,111,111,111
Sun Nov 24 22:30:04 2019,111,111,111,011,011,011,111,111,111
Sun Nov 24 22:40:04 2019,111,111,111,111,011,011,111,111,111
Sun Nov 24 22:50:04 2019,111,111,111,011,011,111,111,111,111
Sun Nov 24 23:00:04 2019,111,111,111,011,011,011,111,111,111
Sun Nov 24 23:10:05 2019,111,111,111,011,011,011,111,111,111
Sun Nov 24 23:20:05 2019,111,111,111,111,111,111,111,111,111
Sun Nov 24 23:30:05 2019,111,111,111,111,011,111,111,111,111
Sun Nov 24 23:40:05 2019,111,111,111,011,011,011,111,111,111
Sun Nov 24 23:50:05 2019,111,111,111,111,011,011,111,111,111
Mon Nov 25 00:00:10 2019,111,111,111,111,011,011,111,111,111
Mon Nov 25 00:10:04 2019,111,111,111,111,011,011,111,111,111
Mon Nov 25 00:20:04 2019,111,111,111,111,011,111,111,111,111
Mon Nov 25 00:30:11 2019,111,111,111,111,011,111,111,111,111
Mon Nov 25 00:40:04 2019,111,111,111,011,011,011,111,111,111
Mon Nov 25 00:50:04 2019,111,111,111,011,011,011,111,111,111
Mon Nov 25 01:00:04 2019,111,111,111,011,011,011,111,111,111
Mon Nov 25 01:10:04 2019,111,111,111,111,011,011,111,111,111
Mon Nov 25 01:20:04 2019,111,111,111,111,011,011,111,111,111
Mon Nov 25 01:30:04 2019,111,111,111,111,111,111,111,111,111
Mon Nov 25 01:40:04 2019,111,111,111,111,111,111,111,111,111
Mon Nov 25 01:50:04 2019,111,111,111,111,111,111,111,111,111
Mon Nov 25 02:00:04 2019,111,111,111,111,111,111,111,111,111
Mon Nov 25 02:10:04 2019,111,111,111,111,111,111,111,111,111
Mon Nov 25 02:20:04 2019,111,111,111,111,111,111,111,111,111
Mon Nov 25 02:30:04 2019,111,111,111,111,111,111,111,111,111
Mon Nov 25 02:40:04 2019,111,111,111,111,111,111,111,111,111
Mon Nov 25 02:50:05 2019,111,111,111,111,111,111,111,111,111
Mon Nov 25 03:00:05 2019,111,111,111,111,011,011,111,111,111
Mon Nov 25 03:10:05 2019,111,111,111,111,011,011,111,111,111
Mon Nov 25 03:20:05 2019,111,111,111,111,011,011,111,111,111
Mon Nov 25 03:30:04 2019,111,111,111,111,111,111,111,111,111
Mon Nov 25 03:40:04 2019,111,111,111,111,111,111,111,111,111
Mon Nov 25 03:50:04 2019,111,111,111,111,111,111,111,111,111
Mon Nov 25 04:00:04 2019,111,111,111,111,111,111,111,111,111
Mon Nov 25 04:10:04 2019,111,111,111,111,111,111,111,111,111
Mon Nov 25 04:20:05 2019,111,111,111,111,111,111,111,111,111
Mon Nov 25 04:30:05 2019,111,111,111,111,111,111,111,111,111
Mon Nov 25 04:40:04 2019,111,111,111,111,111,111,111,111,111
Mon Nov 25 04:50:04 2019,111,111,111,111,111,111,111,111,111
Mon Nov 25 05:00:04 2019,111,111,111,111,111,111,111,111,111
Mon Nov 25 05:10:04 2019,111,111,111,111,111,111,111,111,111
Mon Nov 25 05:20:04 2019,111,111,111,111,111,111,111,111,111
Mon Nov 25 05:30:05 2019,111,111,111,111,111,111,111,111,111
Mon Nov 25 05:40:05 2019,111,111,111,111,111,111,111,111,111
Mon Nov 25 05:50:04 2019,111,111,111,111,111,111,111,111,111
Mon Nov 25 06:00:04 2019,111,111,111,111,111,111,111,111,111
Mon Nov 25 06:10:04 2019,111,111,111,111,111,111,111,111,111
Mon Nov 25 06:20:04 2019,111,111,111,111,111,111,111,111,111
Mon Nov 25 06:30:05 2019,111,111,111,111,111,111,111,111,111
Mon Nov 25 06:40:05 2019,111,111,111,111,111,111,111,111,111
Mon Nov 25 06:50:05 2019,111,111,111,111,111,111,111,111,111
Mon Nov 25 07:00:05 2019,111,111,111,111,111,111,111,111,111
Mon Nov 25 07:10:04 2019,111,111,111,111,111,111,111,111,111
Mon Nov 25 07:20:04 2019,111,111,111,111,111,111,111,111,111
Mon Nov 25 07:30:05 2019,111,111,111,111,111,111,111,111,111
Mon Nov 25 07:40:04 2019,111,111,111,111,111,111,111,111,111
Mon Nov 25 07:50:05 2019,111,111,111,111,111,111,111,111,111
Mon Nov 25 08:00:05 2019,111,111,111,111,111,111,111,111,111
Mon Nov 25 08:10:05 2019,111,111,111,111,111,111,111,111,111
Mon Nov 25 08:20:04 2019,111,111,111,111,111,111,111,111,111
Mon Nov 25 08:30:05 2019,111,111,111,111,111,111,111,111,111
Mon Nov 25 08:40:04 2019,111,111,111,111,111,111,111,111,111
Mon Nov 25 08:50:04 2019,111,111,111,111,111,111,111,111,111
Mon Nov 25 09:00:04 2019,111,111,111,111,111,111,111,111,111
Mon Nov 25 09:10:05 2019,111,111,111,111,111,111,111,111,111
Mon Nov 25 09:20:05 2019,111,111,111,111,111,111,111,111,111
Mon Nov 25 09:30:05 2019,111,111,111,111,111,111,111,111,111
Mon Nov 25 09:40:05 2019,111,111,111,111,111,111,111,111,111
Mon Nov 25 09:50:05 2019,111,111,111,111,111,111,111,111,111
Mon Nov 25 10:00:05 2019,111,111,111,111,111,111,111,111,111
Mon Nov 25 10:10:05 2019,111,111,111,111,111,111,111,111,111
Mon Nov 25 10:20:05 2019,111,111,111,111,111,111,111,111,111
Mon Nov 25 10:30:04 2019,111,111,111,111,111,111,111,111,111
Mon Nov 25 10:40:04 2019,111,111,111,111,111,111,111,111,111
Mon Nov 25 10:50:04 2019,111,111,111,111,111,111,111,111,111
Mon Nov 25 11:00:04 2019,111,111,111,111,111,011,111,111,111
Mon Nov 25 11:10:05 2019,111,111,111,111,111,111,111,111,111
Mon Nov 25 11:20:04 2019,111,111,111,111,111,111,111,111,111
Mon Nov 25 11:30:04 2019,111,111,111,111,111,111,111,111,111
Mon Nov 25 11:40:05 2019,111,111,111,111,111,111,111,111,111
Mon Nov 25 11:50:04 2019,111,111,111,111,111,111,111,111,111
Mon Nov 25 12:00:04 2019,111,111,111,111,111,111,111,111,111
Mon Nov 25 12:10:04 2019,111,111,111,111,111,111,111,111,111
Mon Nov 25 12:20:04 2019,111,111,111,111,111,111,111,111,111
Mon Nov 25 12:30:05 2019,111,111,111,111,111,111,111,111,111
Mon Nov 25 12:40:05 2019,111,111,111,111,111,111,111,111,111
Mon Nov 25 12:50:04 2019,111,111,111,111,111,111,111,111,111
Mon Nov 25 13:00:04 2019,111,111,111,111,111,111,111,111,111
Mon Nov 25 13:10:05 2019,111,111,111,111,111,111,111,111,111
Mon Nov 25 13:20:05 2019,111,111,111,111,111,111,111,111,111
Mon Nov 25 13:30:04 2019,111,111,111,111,111,111,111,111,111
Mon Nov 25 13:40:04 2019,111,111,111,111,111,111,111,111,111
Mon Nov 25 13:50:04 2019,111,111,111,111,111,111,111,111,111
Mon Nov 25 14:00:04 2019,111,111,111,111,111,111,111,111,111
Mon Nov 25 14:10:05 2019,111,111,111,111,111,111,111,111,111
Mon Nov 25 14:20:05 2019,111,111,111,111,111,111,111,111,111
Mon Nov 25 14:30:04 2019,111,111,111,111,111,111,111,111,111
Mon Nov 25 14:40:05 2019,111,111,111,111,111,111,111,111,111
Mon Nov 25 14:50:04 2019,111,111,111,111,111,111,111,111,111
Mon Nov 25 15:00:04 2019,111,111,111,111,111,111,111,111,111
Mon Nov 25 15:10:04 2019,111,111,111,111,111,111,111,111,111
Mon Nov 25 15:20:04 2019,111,111,111,111,111,111,111,111,111
Mon Nov 25 15:30:04 2019,111,111,111,111,111,111,111,111,111
Mon Nov 25 15:40:05 2019,111,111,111,111,111,111,111,111,111
Mon Nov 25 15:50:04 2019,111,111,111,111,111,111,111,111,111
Mon Nov 25 16:00:05 2019,111,111,111,111,111,111,111,111,111
Mon Nov 25 16:10:05 2019,111,111,111,111,111,111,111,111,111
Mon Nov 25 16:20:04 2019,111,111,111,111,111,111,111,111,111
Mon Nov 25 16:30:04 2019,111,111,111,111,111,111,111,111,111
Mon Nov 25 16:40:04 2019,111,111,111,111,111,111,111,111,111
Mon Nov 25 16:50:04 2019,111,111,111,111,111,111,111,111,111
Mon Nov 25 17:00:04 2019,111,111,111,111,111,111,111,111,111
Mon Nov 25 17:10:04 2019,111,111,111,111,111,111,111,111,111
Mon Nov 25 17:20:05 2019,111,111,111,111,111,111,111,111,111
Mon Nov 25 17:30:04 2019,111,111,111,111,111,111,111,111,111
Mon Nov 25 17:40:04 2019,111,111,111,111,111,111,111,111,111
Mon Nov 25 17:50:04 2019,111,111,111,111,111,111,111,111,111
Mon Nov 25 18:00:04 2019,111,111,111,111,111,111,111,111,111
Mon Nov 25 18:10:04 2019,111,111,111,111,111,111,111,111,111
Mon Nov 25 18:20:04 2019,111,111,111,111,111,111,111,111,111
Mon Nov 25 18:30:04 2019,111,111,111,111,111,111,111,111,111
Mon Nov 25 18:40:04 2019,111,111,111,111,111,111,111,111,111
Mon Nov 25 18:50:04 2019,111,111,111,111,111,111,111,111,111
Mon Nov 25 19:00:05 2019,111,111,111,111,111,111,111,111,111
Mon Nov 25 19:10:09 2019,111,111,111,111,111,111,111,111,111
Mon Nov 25 19:20:05 2019,111,111,111,111,111,111,111,111,111
Mon Nov 25 19:30:04 2019,111,111,111,111,111,111,111,111,111
Mon Nov 25 19:40:04 2019,111,111,111,111,111,111,111,111,111
Mon Nov 25 19:50:05 2019,111,111,111,111,111,111,111,111,111
Mon Nov 25 20:00:04 2019,111,111,111,111,111,111,111,111,111
Mon Nov 25 20:10:04 2019,111,111,111,111,111,111,111,111,111
Mon Nov 25 20:20:05 2019,111,111,111,111,111,111,111,111,111
Mon Nov 25 20:30:05 2019,111,111,111,111,111,111,111,111,111
Mon Nov 25 20:40:04 2019,111,111,111,111,111,111,111,111,111
Mon Nov 25 20:50:04 2019,111,111,111,111,111,111,111,111,111
Mon Nov 25 21:00:04 2019,111,111,111,111,111,111,111,111,111
Mon Nov 25 21:10:06 2019,111,111,111,111,111,111,111,111,111
Mon Nov 25 21:20:05 2019,111,111,111,111,111,111,111,111,111
Mon Nov 25 21:30:04 2019,111,111,111,111,111,111,111,111,111
Mon Nov 25 21:40:04 2019,111,111,111,111,111,111,111,111,111
Mon Nov 25 21:50:04 2019,111,111,111,111,111,111,111,111,111
Mon Nov 25 22:00:05 2019,111,111,111,111,111,111,111,111,111
Mon Nov 25 22:10:05 2019,111,111,111,111,111,111,111,111,111
Mon Nov 25 22:20:05 2019,111,111,111,111,111,111,111,111,111
Mon Nov 25 22:30:05 2019,111,111,111,111,111,111,111,111,111
Mon Nov 25 22:40:05 2019,111,111,111,111,111,111,111,111,111
Mon Nov 25 22:50:04 2019,111,111,111,111,111,111,111,111,111
Mon Nov 25 23:00:04 2019,111,111,111,111,111,111,111,111,111
Mon Nov 25 23:10:05 2019,111,111,111,111,111,111,111,111,111
Mon Nov 25 23:20:05 2019,111,111,111,111,111,111,111,111,111
Mon Nov 25 23:30:05 2019,111,111,111,111,111,111,111,111,111
Mon Nov 25 23:40:04 2019,111,111,111,111,111,111,111,111,111
Mon Nov 25 23:50:05 2019,111,111,111,111,111,111,111,111,111
Tue Nov 26 00:00:05 2019,111,111,111,111,111,111,111,111,111
Tue Nov 26 00:10:05 2019,111,111,111,111,111,111,111,111,111
Tue Nov 26 00:20:05 2019,111,111,111,111,111,111,111,111,111
Tue Nov 26 00:30:05 2019,111,111,111,111,111,111,111,111,111
Tue Nov 26 00:40:04 2019,111,111,111,111,111,111,111,111,111
Tue Nov 26 00:50:04 2019,111,111,111,111,111,111,111,111,111
Tue Nov 26 01:00:04 2019,111,111,111,111,111,111,111,111,111
Tue Nov 26 01:10:04 2019,111,111,111,111,111,111,111,111,111
Tue Nov 26 01:20:04 2019,111,111,111,111,111,111,111,111,111
Tue Nov 26 01:30:04 2019,111,111,111,111,111,111,111,111,111
Tue Nov 26 01:40:04 2019,111,111,111,111,111,111,111,111,111
Tue Nov 26 01:50:04 2019,111,111,111,111,111,111,111,111,111
Tue Nov 26 02:00:04 2019,111,111,111,111,111,111,111,111,111
Tue Nov 26 02:10:04 2019,111,111,111,111,111,111,111,111,111
Tue Nov 26 02:20:04 2019,111,111,111,111,111,111,111,111,111
Tue Nov 26 02:30:04 2019,111,111,111,111,111,111,111,111,111
Tue Nov 26 02:40:04 2019,111,111,111,111,111,111,111,111,111
Tue Nov 26 02:50:04 2019,111,111,111,111,111,111,111,111,111
Tue Nov 26 03:00:05 2019,111,111,111,111,111,111,111,111,111
Tue Nov 26 03:10:05 2019,111,111,111,111,111,111,111,111,111
Tue Nov 26 03:20:05 2019,111,111,111,111,111,111,111,111,111
Tue Nov 26 03:30:04 2019,111,111,111,111,111,111,111,111,111
Tue Nov 26 03:40:05 2019,111,111,111,111,111,111,111,111,111
Tue Nov 26 03:50:05 2019,111,111,111,111,111,111,111,111,111
Tue Nov 26 04:00:04 2019,111,111,111,111,111,111,111,111,111
Tue Nov 26 04:10:05 2019,111,111,111,111,111,111,111,111,111
Tue Nov 26 04:20:04 2019,111,111,111,111,111,111,111,111,111
Tue Nov 26 04:30:04 2019,111,111,111,111,111,111,111,111,111
Tue Nov 26 04:40:04 2019,111,111,111,111,111,111,111,111,111
Tue Nov 26 04:50:04 2019,111,111,111,111,111,111,111,111,111
Tue Nov 26 05:00:04 2019,111,111,111,111,111,111,111,111,111
Tue Nov 26 05:10:04 2019,111,111,111,111,111,111,111,111,111
Tue Nov 26 05:20:04 2019,111,111,111,111,111,111,111,111,111
Tue Nov 26 05:30:04 2019,111,111,111,111,111,111,111,111,111
Tue Nov 26 05:40:05 2019,111,111,111,111,111,111,111,111,111
Tue Nov 26 05:50:04 2019,111,111,111,111,111,111,111,111,111
Tue Nov 26 06:00:04 2019,111,111,111,111,111,111,111,111,111
Tue Nov 26 06:10:04 2019,111,111,111,111,111,111,111,111,111
Tue Nov 26 06:20:04 2019,111,111,111,111,111,111,111,111,111
Tue Nov 26 06:30:04 2019,111,111,111,111,111,111,111,111,111
Tue Nov 26 06:40:04 2019,111,111,111,111,111,111,111,111,111
Tue Nov 26 06:50:04 2019,111,111,111,111,111,111,111,111,111
Tue Nov 26 07:00:04 2019,111,111,111,111,011,111,111,111,111
Tue Nov 26 07:10:04 2019,111,111,111,111,111,111,111,111,111
Tue Nov 26 07:20:04 2019,111,111,111,111,111,111,111,111,111
Tue Nov 26 07:30:04 2019,111,111,111,111,111,111,111,111,111
Tue Nov 26 07:40:04 2019,111,111,111,111,111,111,111,111,111
Tue Nov 26 07:50:04 2019,111,111,111,111,111,111,111,111,111
Tue Nov 26 08:00:04 2019,111,111,111,111,111,111,111,111,111
Tue Nov 26 08:10:04 2019,111,111,111,111,011,011,111,111,111
Tue Nov 26 08:20:04 2019,111,111,111,111,011,011,111,111,111
Tue Nov 26 08:30:04 2019,111,111,111,111,011,111,111,111,111
Tue Nov 26 08:40:04 2019,111,111,111,111,011,111,111,111,111
Tue Nov 26 08:50:04 2019,111,111,111,111,111,111,111,111,111
Tue Nov 26 09:00:04 2019,111,111,111,111,111,111,111,111,111
Tue Nov 26 09:10:04 2019,111,111,111,011,011,011,111,111,111
Tue Nov 26 09:20:04 2019,111,111,111,111,011,011,111,111,111
Tue Nov 26 09:30:04 2019,111,111,111,011,011,011,111,111,111
Tue Nov 26 09:40:05 2019,111,111,111,111,111,111,111,111,111
Tue Nov 26 09:50:05 2019,111,111,111,111,011,011,111,111,111
Tue Nov 26 10:00:04 2019,111,111,111,111,011,011,111,111,111
Tue Nov 26 10:10:04 2019,111,111,111,011,011,011,111,111,111
Tue Nov 26 10:20:05 2019,111,111,111,111,011,111,111,111,111
Tue Nov 26 10:30:04 2019,111,111,111,111,011,111,111,111,111
Tue Nov 26 10:40:04 2019,111,111,111,111,011,111,111,111,111
Tue Nov 26 10:50:04 2019,111,111,111,111,011,011,111,111,111
Tue Nov 26 11:00:04 2019,111,111,111,111,011,011,111,111,111
Tue Nov 26 11:10:04 2019,111,111,111,111,011,111,111,111,111
Tue Nov 26 11:20:04 2019,111,111,111,111,011,011,111,111,111
Tue Nov 26 11:30:05 2019,111,111,111,011,011,111,111,111,111
Tue Nov 26 11:40:04 2019,111,111,111,111,111,111,111,111,111
Tue Nov 26 11:50:04 2019,111,111,111,111,111,111,111,111,111
Tue Nov 26 12:00:04 2019,111,111,111,111,111,111,111,111,111
Tue Nov 26 12:10:04 2019,111,111,111,111,111,111,111,111,111
Tue Nov 26 12:20:04 2019,111,111,111,111,011,111,111,111,111
Tue Nov 26 12:30:04 2019,111,111,111,111,111,111,111,111,111
Tue Nov 26 12:40:04 2019,111,111,111,111,111,111,111,111,111
Tue Nov 26 12:50:04 2019,111,111,111,111,111,111,111,111,111
Tue Nov 26 13:00:04 2019,111,111,111,111,111,111,111,111,111
Tue Nov 26 13:10:04 2019,111,111,111,111,011,011,111,111,111
Tue Nov 26 13:20:04 2019,111,111,111,111,111,111,111,111,111
Tue Nov 26 13:30:04 2019,111,111,111,111,011,011,111,111,111
Tue Nov 26 13:40:04 2019,111,111,111,111,111,111,111,111,111
Tue Nov 26 13:50:05 2019,111,111,111,111,011,111,111,111,111
Tue Nov 26 14:00:04 2019,111,111,111,111,111,111,111,111,111
Tue Nov 26 14:10:04 2019,111,111,111,111,111,111,111,111,111
Tue Nov 26 14:20:04 2019,111,111,111,111,011,011,111,111,111
Tue Nov 26 14:30:04 2019,111,111,111,111,011,011,111,111,111
Tue Nov 26 14:40:04 2019,111,111,111,011,011,011,111,111,111
Tue Nov 26 14:50:04 2019,111,111,111,111,011,011,111,111,111
Tue Nov 26 15:00:04 2019,111,111,111,111,011,011,111,111,111
Tue Nov 26 15:10:04 2019,111,111,111,011,011,111,111,111,111
Tue Nov 26 15:20:04 2019,111,111,111,111,011,011,111,111,111
Tue Nov 26 15:30:04 2019,111,111,111,111,011,111,111,111,111
Tue Nov 26 15:40:04 2019,111,111,111,111,011,011,111,111,111
Tue Nov 26 15:50:04 2019,111,111,111,011,011,111,111,111,111
Tue Nov 26 16:00:04 2019,111,111,111,111,011,111,111,111,111
Tue Nov 26 16:10:04 2019,111,111,111,011,011,011,111,111,111
Tue Nov 26 16:20:05 2019,111,111,111,111,011,111,111,111,111
Tue Nov 26 16:30:04 2019,111,111,111,111,011,111,111,111,111
Tue Nov 26 16:40:04 2019,111,111,111,111,011,111,111,111,111
Tue Nov 26 16:50:04 2019,111,111,111,011,011,011,111,111,111
Tue Nov 26 17:00:04 2019,111,111,111,011,011,011,111,111,111
Tue Nov 26 17:10:05 2019,111,111,111,111,011,011,111,111,111
Tue Nov 26 17:20:05 2019,111,111,111,111,011,011,111,111,111
Tue Nov 26 17:30:04 2019,111,011,011,111,011,011,111,111,111
Tue Nov 26 17:40:05 2019,111,111,111,111,011,011,111,111,111
Tue Nov 26 17:50:05 2019,111,111,111,111,011,011,111,111,111
Tue Nov 26 18:00:04 2019,111,111,111,111,011,011,111,111,111
Tue Nov 26 18:10:04 2019,111,111,111,111,011,011,111,111,111
Tue Nov 26 18:20:05 2019,111,111,111,111,011,011,111,111,111
Tue Nov 26 18:30:04 2019,111,011,011,111,011,011,111,111,111
Tue Nov 26 18:40:05 2019,111,111,111,111,011,011,111,111,111
Tue Nov 26 18:50:04 2019,111,111,111,111,011,011,111,111,111
Tue Nov 26 19:00:05 2019,111,011,011,111,011,011,111,111,111
Tue Nov 26 19:10:05 2019,111,111,111,111,011,011,111,111,111
Tue Nov 26 19:20:05 2019,111,011,011,111,011,011,111,111,111
Tue Nov 26 19:30:05 2019,111,111,111,111,011,011,111,111,111
Tue Nov 26 19:40:04 2019,111,111,111,111,011,011,111,111,111
Tue Nov 26 19:50:04 2019,111,111,111,111,011,111,111,111,111
Tue Nov 26 20:00:04 2019,111,111,111,111,111,111,111,111,111
Tue Nov 26 20:10:05 2019,111,111,111,111,011,011,111,111,111
Tue Nov 26 20:20:06 2019,111,111,111,111,011,111,111,111,111
Tue Nov 26 20:30:05 2019,111,111,111,111,111,111,111,111,111
Tue Nov 26 20:40:05 2019,111,111,111,111,111,111,111,111,111
Tue Nov 26 20:50:05 2019,111,111,111,111,111,111,111,111,111
Tue Nov 26 21:00:05 2019,111,111,111,111,111,111,111,111,111
Tue Nov 26 21:10:05 2019,111,111,111,111,011,011,111,111,111
Tue Nov 26 21:20:04 2019,111,111,111,111,011,011,111,111,111
Tue Nov 26 21:30:05 2019,111,111,111,111,011,011,111,111,111
Tue Nov 26 21:40:05 2019,111,111,111,111,011,011,111,111,111
Tue Nov 26 21:50:04 2019,111,011,011,111,011,011,111,111,111
Tue Nov 26 22:00:04 2019,111,011,011,111,011,011,111,111,111
Tue Nov 26 22:10:04 2019,111,011,011,111,011,011,111,111,111
Tue Nov 26 22:20:04 2019,111,011,011,111,011,011,111,111,111
Tue Nov 26 22:30:05 2019,111,011,011,111,011,011,111,111,111
Tue Nov 26 22:40:05 2019,111,011,011,111,011,011,111,111,111
Tue Nov 26 22:50:05 2019,111,011,011,111,011,011,111,111,111
Tue Nov 26 23:00:05 2019,111,011,011,111,011,011,111,111,111
Tue Nov 26 23:10:06 2019,111,011,011,010,011,011,111,111,111
Tue Nov 26 23:20:05 2019,111,011,011,010,011,011,111,111,111
Tue Nov 26 23:30:05 2019,110,011,011,010,011,011,010,010,010
Tue Nov 26 23:40:04 2019,010,011,011,010,011,011,010,010,010
Tue Nov 26 23:50:05 2019,010,011,011,010,011,011,010,010,010
Wed Nov 27 00:00:05 2019,010,011,011,010,011,011,011,011,011
Wed Nov 27 00:10:05 2019,010,011,011,010,011,011,111,111,111
Wed Nov 27 00:20:05 2019,010,011,011,010,011,011,111,111,111
Wed Nov 27 00:30:04 2019,010,011,011,010,011,011,111,111,111
Wed Nov 27 00:40:04 2019,010,011,011,010,011,011,111,111,111
Wed Nov 27 00:50:04 2019,010,011,011,010,011,011,111,111,111
Wed Nov 27 01:00:05 2019,010,011,011,010,011,011,111,111,111
Wed Nov 27 01:10:04 2019,010,011,011,010,011,011,111,111,111
Wed Nov 27 01:20:04 2019,010,011,011,010,011,011,111,111,111
Wed Nov 27 01:30:04 2019,010,011,011,010,011,011,111,111,111
Wed Nov 27 01:40:04 2019,010,011,011,010,011,011,111,111,111
Wed Nov 27 01:50:04 2019,010,011,011,010,011,011,111,111,111
Wed Nov 27 02:00:04 2019,010,011,011,010,011,011,111,111,111
Wed Nov 27 02:10:04 2019,010,011,011,010,011,011,111,111,111
Wed Nov 27 02:20:04 2019,011,011,011,010,011,011,111,111,111
Wed Nov 27 02:30:05 2019,111,011,011,010,011,011,111,111,111
Wed Nov 27 02:40:04 2019,111,011,011,010,011,011,111,111,111
Wed Nov 27 02:50:04 2019,111,111,011,010,011,011,111,111,111
Wed Nov 27 03:00:04 2019,111,111,011,010,011,011,111,111,111
Wed Nov 27 03:10:04 2019,111,111,011,010,011,011,111,111,111
Wed Nov 27 03:20:05 2019,111,111,011,010,011,011,111,111,111
Wed Nov 27 03:30:04 2019,111,111,011,010,011,011,111,111,111
Wed Nov 27 03:40:05 2019,111,011,011,010,011,011,111,111,111
Wed Nov 27 03:50:04 2019,111,011,011,010,011,011,111,111,111
Wed Nov 27 04:00:04 2019,111,011,011,010,011,011,111,111,111
Wed Nov 27 04:10:04 2019,111,011,011,010,011,011,111,111,111
Wed Nov 27 04:20:05 2019,111,011,011,010,011,011,111,111,111
Wed Nov 27 04:30:05 2019,111,011,011,010,011,011,111,111,111
Wed Nov 27 04:40:05 2019,010,011,011,010,011,011,010,010,010
Wed Nov 27 04:50:05 2019,011,011,011,010,011,011,011,011,011
Wed Nov 27 05:00:05 2019,010,011,011,010,011,011,010,010,010
Wed Nov 27 05:10:04 2019,011,011,011,010,011,011,111,011,111
Wed Nov 27 05:20:04 2019,111,011,011,010,011,011,111,111,111
Wed Nov 27 05:30:05 2019,111,011,011,010,011,011,111,111,111
Wed Nov 27 05:40:05 2019,111,011,011,010,011,011,111,111,111
Wed Nov 27 05:50:04 2019,111,011,011,010,011,011,111,111,111
Wed Nov 27 06:00:04 2019,111,011,011,010,011,011,111,111,111
Wed Nov 27 06:10:04 2019,111,011,011,010,011,011,111,111,111
Wed Nov 27 06:20:04 2019,111,011,011,010,011,011,111,111,111
Wed Nov 27 06:30:04 2019,111,011,011,010,011,011,111,111,111
Wed Nov 27 06:40:05 2019,111,011,011,010,011,011,111,111,111
Wed Nov 27 06:50:04 2019,111,011,011,010,011,011,111,111,111
Wed Nov 27 07:00:04 2019,111,011,011,010,011,011,111,111,111
Wed Nov 27 07:10:04 2019,111,011,011,010,011,011,111,111,111
Wed Nov 27 07:20:04 2019,111,011,011,010,011,011,111,111,111
Wed Nov 27 07:30:04 2019,111,011,011,010,011,011,111,111,111
Wed Nov 27 07:40:04 2019,111,011,011,010,011,011,111,111,111
Wed Nov 27 07:50:04 2019,111,011,011,010,011,011,111,111,111
Wed Nov 27 08:00:04 2019,111,011,011,010,011,011,111,111,111
Wed Nov 27 08:10:05 2019,111,011,011,010,011,011,111,111,111
Wed Nov 27 08:20:05 2019,111,011,011,010,011,011,111,111,111
Wed Nov 27 08:30:04 2019,111,011,011,010,011,011,111,111,111
Wed Nov 27 08:40:04 2019,111,111,111,010,011,011,111,111,111
Wed Nov 27 08:50:04 2019,111,111,111,010,011,011,111,111,111
Wed Nov 27 09:00:05 2019,111,111,111,010,011,011,111,111,111
Wed Nov 27 09:10:04 2019,111,011,011,010,011,011,111,111,111
Wed Nov 27 09:20:04 2019,111,011,011,010,011,011,111,111,111
Wed Nov 27 09:30:04 2019,111,011,011,010,011,011,111,111,111
Wed Nov 27 09:40:04 2019,111,111,111,010,011,011,111,111,111
Wed Nov 27 09:50:04 2019,111,111,111,010,011,011,111,111,111
Wed Nov 27 10:00:04 2019,111,111,011,010,011,011,111,111,111
Wed Nov 27 10:10:04 2019,111,111,111,010,011,011,111,111,111
Wed Nov 27 10:20:04 2019,111,011,011,010,011,011,111,111,111
Wed Nov 27 10:30:04 2019,111,111,111,010,011,011,111,111,111
Wed Nov 27 10:40:04 2019,111,111,111,010,011,011,111,111,111
Wed Nov 27 10:50:05 2019,111,111,111,010,011,011,111,111,111
Wed Nov 27 11:00:04 2019,111,111,111,010,011,011,111,111,111
Wed Nov 27 11:10:05 2019,111,111,111,010,011,011,111,111,111
Wed Nov 27 11:20:04 2019,111,011,011,010,011,011,111,111,111
Wed Nov 27 11:30:04 2019,111,011,011,010,011,011,111,111,111
Wed Nov 27 11:40:05 2019,111,111,011,010,011,011,111,111,111
Wed Nov 27 11:50:05 2019,111,111,111,010,011,011,111,111,111
Wed Nov 27 12:00:05 2019,111,111,111,010,011,011,111,111,111
Wed Nov 27 12:10:04 2019,111,111,111,010,011,011,111,111,111
Wed Nov 27 12:20:04 2019,111,111,111,010,011,011,111,111,111
Wed Nov 27 12:30:04 2019,111,111,111,010,011,011,111,111,111
Wed Nov 27 12:40:04 2019,111,111,111,010,011,011,111,111,111
Wed Nov 27 12:50:04 2019,111,111,111,010,011,011,111,111,111
Wed Nov 27 13:00:04 2019,111,111,111,010,011,011,111,111,111
Wed Nov 27 13:10:05 2019,111,111,111,010,011,011,111,111,111
Wed Nov 27 13:20:05 2019,111,111,011,010,011,011,111,111,111
Wed Nov 27 13:30:04 2019,111,111,111,010,011,011,111,111,111
Wed Nov 27 13:40:04 2019,111,011,011,010,011,011,111,111,111
Wed Nov 27 13:50:04 2019,111,111,111,010,011,011,111,111,111
Wed Nov 27 14:00:25 2019,111,111,111,010,011,011,111,111,111
Wed Nov 27 14:10:04 2019,111,011,011,010,011,011,111,111,111
Wed Nov 27 14:20:04 2019,111,011,011,010,011,011,111,111,111
Wed Nov 27 14:30:04 2019,111,111,111,010,011,011,111,111,111
Wed Nov 27 14:40:04 2019,111,111,111,010,011,011,111,111,111
Wed Nov 27 14:50:04 2019,111,111,111,010,011,011,111,111,111
Wed Nov 27 15:00:05 2019,111,111,111,010,011,011,111,111,111
Wed Nov 27 15:10:05 2019,111,111,111,010,011,011,111,111,111
Wed Nov 27 15:20:05 2019,111,111,111,010,011,011,111,111,111
Wed Nov 27 15:30:05 2019,111,111,111,010,011,011,111,111,111
Wed Nov 27 15:40:05 2019,111,111,111,010,011,011,111,111,111
Wed Nov 27 15:50:04 2019,111,111,111,010,011,111,111,111,111
Wed Nov 27 16:00:04 2019,111,111,111,010,011,011,111,111,111
Wed Nov 27 16:10:04 2019,111,111,111,010,011,011,111,111,111
Wed Nov 27 16:20:04 2019,111,111,111,010,011,011,111,111,111
Wed Nov 27 16:30:04 2019,111,111,111,010,011,011,111,111,111
Wed Nov 27 16:40:04 2019,111,111,111,010,011,011,111,111,111
Wed Nov 27 16:50:04 2019,111,111,111,010,011,011,111,111,111
Wed Nov 27 17:00:04 2019,111,111,111,010,011,011,111,111,111
Wed Nov 27 17:10:04 2019,111,111,111,111,011,011,111,111,111
Wed Nov 27 17:20:04 2019,111,111,111,111,011,011,111,111,111
Wed Nov 27 17:30:04 2019,111,111,111,111,011,011,111,111,111
Wed Nov 27 17:40:04 2019,111,111,111,011,011,111,111,111,111
Wed Nov 27 17:50:04 2019,111,111,111,111,011,011,111,111,111
Wed Nov 27 18:00:04 2019,111,111,111,111,011,011,111,111,111
Wed Nov 27 18:10:04 2019,111,111,111,111,011,011,111,111,111
Wed Nov 27 18:20:04 2019,111,111,111,111,011,011,111,111,111
Wed Nov 27 18:30:04 2019,111,111,111,111,011,011,111,111,111
Wed Nov 27 18:40:04 2019,111,011,011,111,011,011,111,111,111
Wed Nov 27 18:50:05 2019,111,011,011,111,011,011,111,111,111
Wed Nov 27 19:00:05 2019,111,011,011,111,011,011,111,111,111
Wed Nov 27 19:10:04 2019,111,011,011,111,011,011,111,111,111
Wed Nov 27 19:20:04 2019,111,011,011,111,011,011,111,111,111
Wed Nov 27 19:30:04 2019,111,011,011,111,011,011,111,111,111
Wed Nov 27 19:40:04 2019,111,011,011,111,011,011,111,111,111
Wed Nov 27 19:50:04 2019,111,011,011,011,011,011,111,111,111
Wed Nov 27 20:00:04 2019,111,011,011,111,011,011,111,111,111
Wed Nov 27 20:10:04 2019,111,011,011,011,011,011,111,111,111
Wed Nov 27 20:20:04 2019,111,111,111,011,011,011,111,111,111
Wed Nov 27 20:30:05 2019,111,111,111,111,011,011,111,111,111
Wed Nov 27 20:40:04 2019,111,111,111,011,011,011,111,111,111
Wed Nov 27 20:50:04 2019,111,111,111,011,011,111,111,111,111
Wed Nov 27 21:00:04 2019,111,111,111,111,011,011,111,111,111
Wed Nov 27 21:10:05 2019,111,111,111,111,011,111,111,111,111
Wed Nov 27 21:20:04 2019,111,111,111,111,011,011,111,111,111
Wed Nov 27 21:30:04 2019,111,111,111,111,011,011,111,111,111
Wed Nov 27 21:40:04 2019,111,111,111,111,011,011,111,111,111
Wed Nov 27 21:50:04 2019,111,111,111,111,011,011,111,111,111
Wed Nov 27 22:00:04 2019,111,111,111,111,011,011,111,111,111
Wed Nov 27 22:10:04 2019,111,111,111,111,011,011,111,111,111
Wed Nov 27 22:20:04 2019,111,111,111,011,011,011,111,111,111
Wed Nov 27 22:30:05 2019,111,111,111,011,011,011,111,111,111
Wed Nov 27 22:40:04 2019,111,111,111,011,011,011,111,111,111
Wed Nov 27 22:50:04 2019,111,111,111,011,011,011,111,111,111
Wed Nov 27 23:00:04 2019,111,111,111,011,011,011,111,111,111
Wed Nov 27 23:10:04 2019,111,011,011,011,011,011,111,111,111
Wed Nov 27 23:20:05 2019,111,011,011,011,011,011,111,111,111
Wed Nov 27 23:30:05 2019,111,011,011,011,011,011,111,111,111
Wed Nov 27 23:40:05 2019,111,111,011,011,011,011,111,111,111
Wed Nov 27 23:50:05 2019,111,111,011,111,011,011,111,111,111
Thu Nov 28 00:00:05 2019,111,011,011,011,011,011,111,111,111
Thu Nov 28 00:10:04 2019,111,011,011,011,011,011,111,111,111
Thu Nov 28 00:20:05 2019,111,011,011,011,011,011,111,111,111
Thu Nov 28 00:30:05 2019,111,011,011,011,011,011,111,111,111
Thu Nov 28 00:40:04 2019,111,011,011,011,011,011,111,111,111
Thu Nov 28 00:50:04 2019,111,011,011,011,011,011,111,111,111
Thu Nov 28 01:00:04 2019,111,011,011,011,011,011,111,111,111
Thu Nov 28 01:10:04 2019,111,111,011,011,011,011,111,111,111
Thu Nov 28 01:20:05 2019,111,111,111,011,011,011,111,111,111
Thu Nov 28 01:30:05 2019,111,111,111,011,011,011,111,111,111
Thu Nov 28 01:40:04 2019,111,111,111,011,011,011,111,111,111
Thu Nov 28 01:50:04 2019,111,111,111,011,011,011,111,111,111
Thu Nov 28 02:00:04 2019,111,111,111,011,011,011,111,111,111
Thu Nov 28 02:10:04 2019,111,111,111,011,011,011,111,111,111
Thu Nov 28 02:20:04 2019,111,111,111,011,011,011,111,111,111
Thu Nov 28 02:30:04 2019,111,111,111,011,011,011,111,111,111
Thu Nov 28 02:40:04 2019,111,111,111,011,011,011,111,111,111
Thu Nov 28 02:50:05 2019,111,111,111,011,011,011,111,111,111
Thu Nov 28 03:00:05 2019,111,111,111,011,011,011,111,111,111
Thu Nov 28 03:10:04 2019,111,111,111,011,011,011,111,111,111
Thu Nov 28 03:20:05 2019,111,111,111,011,011,011,111,111,111
Thu Nov 28 03:30:04 2019,111,111,111,011,011,011,111,111,111
Thu Nov 28 03:40:05 2019,111,111,111,011,011,011,111,111,111
Thu Nov 28 03:50:04 2019,111,111,111,011,011,011,111,111,111
Thu Nov 28 04:00:04 2019,111,111,111,011,011,011,111,111,111
Thu Nov 28 04:10:04 2019,111,111,111,011,011,011,111,111,111
Thu Nov 28 04:20:04 2019,111,111,111,011,011,011,111,111,111
Thu Nov 28 04:30:04 2019,111,111,111,011,011,011,111,111,111
Thu Nov 28 04:40:04 2019,111,111,111,011,011,011,111,111,111
Thu Nov 28 04:50:04 2019,111,111,111,011,011,011,111,111,111
Thu Nov 28 05:00:04 2019,111,111,111,011,011,011,111,111,111
Thu Nov 28 05:10:04 2019,111,111,111,011,011,011,111,111,111
Thu Nov 28 05:20:04 2019,111,111,111,011,011,011,111,111,111
Thu Nov 28 05:30:05 2019,111,111,111,011,011,011,111,111,111
Thu Nov 28 05:40:05 2019,111,111,111,011,011,011,111,111,111
Thu Nov 28 05:50:05 2019,111,111,111,011,011,011,111,111,111
Thu Nov 28 06:00:04 2019,111,111,111,011,011,011,111,111,111
Thu Nov 28 06:10:05 2019,111,111,111,011,011,011,111,111,111
Thu Nov 28 06:20:05 2019,111,111,111,011,011,011,111,111,111
Thu Nov 28 06:30:05 2019,111,111,111,011,011,011,111,111,111
Thu Nov 28 06:40:04 2019,111,111,111,011,011,011,111,111,111
Thu Nov 28 06:50:04 2019,111,111,111,011,011,011,111,111,111
Thu Nov 28 07:00:04 2019,111,111,111,011,011,011,111,111,111
Thu Nov 28 07:10:04 2019,111,111,111,011,011,011,111,111,111
Thu Nov 28 07:20:04 2019,111,111,111,011,011,011,111,111,111
Thu Nov 28 07:30:04 2019,111,111,111,011,011,011,111,111,111
Thu Nov 28 07:40:05 2019,111,111,111,011,011,011,111,111,111
Thu Nov 28 07:50:04 2019,111,111,111,011,011,011,111,111,111
Thu Nov 28 08:00:04 2019,111,111,111,011,011,011,111,111,111
Thu Nov 28 08:10:05 2019,111,111,111,011,011,011,111,111,111
Thu Nov 28 08:20:04 2019,111,111,111,011,011,011,111,111,111
Thu Nov 28 08:30:04 2019,111,111,111,011,011,011,111,111,111
Thu Nov 28 08:40:05 2019,111,111,111,011,011,011,111,111,111
Thu Nov 28 08:50:05 2019,111,111,111,011,011,011,111,111,111
Thu Nov 28 09:00:05 2019,111,111,111,011,011,011,111,111,111
Thu Nov 28 09:10:04 2019,111,111,111,011,011,011,111,111,111
Thu Nov 28 09:20:04 2019,111,111,111,011,011,011,111,111,111
Thu Nov 28 09:30:04 2019,111,111,111,011,011,011,111,111,111
Thu Nov 28 09:40:05 2019,111,111,111,011,011,011,111,111,111
Thu Nov 28 09:50:04 2019,111,111,111,011,011,011,111,111,111
Thu Nov 28 10:00:04 2019,111,111,111,011,011,011,111,111,111
Thu Nov 28 10:10:04 2019,111,111,111,011,011,011,111,111,111
Thu Nov 28 10:20:04 2019,111,111,111,011,011,011,111,111,111
Thu Nov 28 10:30:04 2019,111,111,111,011,011,011,111,111,111
Thu Nov 28 10:40:04 2019,111,111,111,011,011,011,111,111,111
Thu Nov 28 10:50:04 2019,111,111,111,011,011,011,111,111,111
Thu Nov 28 11:00:04 2019,111,111,111,011,011,011,111,111,111
Thu Nov 28 11:10:04 2019,111,111,111,011,011,011,111,111,111
Thu Nov 28 11:20:05 2019,111,111,111,011,011,011,111,111,111
Thu Nov 28 11:30:04 2019,111,111,111,011,011,011,111,111,111
Thu Nov 28 11:40:05 2019,111,111,111,011,011,011,111,111,111
Thu Nov 28 11:50:05 2019,111,111,111,011,011,011,111,111,111
Thu Nov 28 12:00:05 2019,111,111,111,011,011,011,111,111,111
Thu Nov 28 12:10:04 2019,111,111,111,011,011,011,111,111,111
Thu Nov 28 12:20:04 2019,111,111,111,011,011,011,111,111,111
Thu Nov 28 12:30:04 2019,111,111,111,011,011,011,111,111,111
Thu Nov 28 12:40:04 2019,111,111,111,011,011,011,111,111,111
Thu Nov 28 12:50:05 2019,111,111,111,011,011,011,111,111,111
Thu Nov 28 13:00:04 2019,111,111,111,011,011,011,111,111,111
Thu Nov 28 13:10:04 2019,111,111,111,011,011,011,111,111,111
Thu Nov 28 13:20:04 2019,111,111,111,011,011,011,111,111,111
Thu Nov 28 13:30:04 2019,111,111,111,011,011,011,111,111,111
Thu Nov 28 13:40:04 2019,111,111,111,011,011,011,111,111,111
Thu Nov 28 13:50:04 2019,111,111,111,011,011,011,111,111,111
Thu Nov 28 14:00:04 2019,111,111,111,011,011,011,111,111,111
Thu Nov 28 14:10:04 2019,111,111,111,011,011,011,111,111,111
Thu Nov 28 14:20:04 2019,111,111,111,011,011,011,111,111,111
Thu Nov 28 14:30:05 2019,111,111,111,011,011,011,111,111,111
Thu Nov 28 14:40:05 2019,111,111,111,011,011,011,111,111,111
Thu Nov 28 14:50:04 2019,111,111,111,011,011,011,111,111,111
Thu Nov 28 15:00:04 2019,111,111,111,011,011,011,111,111,111
Thu Nov 28 15:10:04 2019,111,111,111,011,011,011,111,111,111
Thu Nov 28 15:20:04 2019,111,111,111,011,011,011,111,111,111
Thu Nov 28 15:30:04 2019,111,111,111,011,011,011,111,111,111
Thu Nov 28 15:40:04 2019,111,111,111,011,011,011,111,111,111
Thu Nov 28 15:50:05 2019,111,111,111,011,011,011,111,111,111
Thu Nov 28 16:00:04 2019,111,111,111,111,011,111,111,111,111
Thu Nov 28 16:10:04 2019,111,111,111,111,011,011,111,111,111
Thu Nov 28 16:20:04 2019,111,111,111,111,011,011,111,111,111
Thu Nov 28 16:30:04 2019,111,111,111,111,011,011,111,111,111
Thu Nov 28 16:40:04 2019,111,111,111,111,011,011,111,111,111
Thu Nov 28 16:50:04 2019,111,111,111,111,011,011,111,111,111
Thu Nov 28 17:00:04 2019,111,111,111,011,011,111,111,111,111
Thu Nov 28 17:10:04 2019,111,111,111,111,111,111,111,111,111
Thu Nov 28 17:20:05 2019,111,111,111,111,011,011,111,111,111
Thu Nov 28 17:30:04 2019,111,111,111,111,011,011,111,111,111
Thu Nov 28 17:40:04 2019,111,111,111,111,011,011,111,111,111
Thu Nov 28 17:50:04 2019,111,111,111,111,011,011,111,111,111
Thu Nov 28 18:00:04 2019,111,111,111,011,011,011,111,111,111
Thu Nov 28 18:10:05 2019,111,111,111,011,011,011,111,111,111
Thu Nov 28 18:20:04 2019,111,111,111,011,011,011,111,111,111
Thu Nov 28 18:30:04 2019,111,111,111,011,011,011,111,111,111
Thu Nov 28 18:40:05 2019,111,111,111,011,011,011,111,111,111
Thu Nov 28 18:50:04 2019,111,111,111,011,011,011,111,111,111
Thu Nov 28 19:00:05 2019,111,111,111,011,011,011,111,111,111
Thu Nov 28 19:10:05 2019,111,111,111,111,011,111,111,111,111
Thu Nov 28 19:20:05 2019,111,111,111,011,011,111,111,111,111
Thu Nov 28 19:30:05 2019,111,111,111,111,111,111,111,111,111
Thu Nov 28 19:40:04 2019,111,111,111,011,011,011,111,111,111
Thu Nov 28 19:50:04 2019,111,111,111,011,011,011,111,111,111
Thu Nov 28 20:00:04 2019,111,111,111,011,111,111,111,111,111
Thu Nov 28 20:10:05 2019,111,111,111,111,111,111,111,111,111
Thu Nov 28 20:20:05 2019,111,111,111,011,011,011,111,111,111
